,report_pwsid,Residential_Production_17_tot_summer,Target_Production_17_tot_summer,Residential_Production_17_tot_winter,Target_Production_17_tot_winter,Residential_Production_17_tot_spring,Target_Production_17_tot_spring,Residential_Production_17_tot_autumn,Target_Production_17_tot_autumn,Residential_Production_17_mean_summer,Target_Production_17_mean_summer,Residential_Production_17_mean_winter,Target_Production_17_mean_winter,Residential_Production_17_mean_spring,Target_Production_17_mean_spring,Residential_Production_17_mean_autumn,Target_Production_17_mean_autumn,report_agency_name,report_date,report_days_in_month,report_population,report_percent_residential,report_production_calculated,report_irr_area_sf,report_eto,Residential_Production,Target_Production,PWSID,Medium,Medium_val,color,x_medium,usage_month,days_in_period,usage_year,hhsize,meter_size,usage_zone,landscape_area,et_amount,wrap_customer,irr_area,carw_customer,season,tax_exemption,lot_size_group,temperature_zone,pressure_zone,water_font,city_limits,water_type,rate_class,dwelling_units,elevation_zone,greater_than,usage_indoor_budget_ccf,meter_type,block,tariff_area,turbine_meter,senior,utility_id,utility_name,effective_date,bill_frequency,unit_type,bill_type,service_charge,flat_rate,commodity_charge,bill,percentFixed
0,CA0110001,2958397500.0,3535868772.15,1680220000.0,2095374322.99,2144144000.0,3024893313.4,2192910000.0,2611627249.14,986132500.0,1178622924.05,560073333.333,698458107.664,714714666.667,1008297771.13,730970000.0,870542416.38,Alameda County Water District,2016-09-15,30,349000,0.67,1281000000.0,185999357.0,4.8446,858270000.0,1022791872.52,CA0110001,"$100,000 to $124,999",0.597880121136,10.0,$100k to 124.9k,7,62,2017,4,"3/4""",1,2000,14,No,2000,No,Summer,granted,3,Medium,1,city_delivered,inside_city,potable,C1,10,2,False,0.3,Turbine,1,1,No,no,28,Alameda County Water District,2017-03-01,Bi-Monthly,ccf,Uniform,24.92,4.047,60.7,85.62,0.29
1,CA0110005,11481373000.0,20290626459.2,6735003000.0,9829061348.01,8153923000.0,16758894282.8,8593873000.0,13685209302.2,3827124333.33,6763542153.06,2245001000.0,3276353782.67,2717974333.33,5586298094.27,2864624333.33,4561736434.06,East Bay Municipal Utilities District,2016-09-15,30,1400000,0.61,5636200000.0,1460161182.0,4.78277,3438082000.0,5773873087.83,CA0110005,"$60,000 to $74,999",0.510576319255,8.0,$60k to 74.9k,7,62,2017,4,"3/4""",1,2000,14,No,2000,No,Summer,granted,3,Medium,1,city_delivered,inside_city,potable,C1,10,2,False,0.3,Turbine,1,1,No,no,891,East Bay Municipal Utility District,2017-07-12,Bi-Monthly,ccf,Tiered,22.6,,77.3,99.9,0.23
2,CA0110006,754916005.35,2720004066.15,605485267.8,1177968162.79,605612578.867,2164450461.62,765876066.35,1732526305.56,251638668.45,906668022.051,201828422.6,392656054.262,201870859.622,721483487.208,255292022.117,577508768.519,Hayward  City of,2016-09-15,30,158985,0.52,511728125.0,201129059.0,4.86696,266098625.0,747853244.155,CA0110006,"$60,000 to $74,999",0.563935667664,8.0,$60k to 74.9k,7,62,2017,4,"3/4""",1,2000,14,No,2000,No,Summer,granted,3,Medium,1,city_delivered,inside_city,potable,C1,10,2,False,0.3,Turbine,1,1,No,no,1294,Hayward  City of,2016-10-01,bimonthly,ccf,Tiered,10.88,,104.91,115.79,0.09
3,CA0110008,996836515.5,1318484322.95,380299734.0,574797176.89,604757924.2,1033639774.99,632510910.0,835917119.636,332278838.5,439494774.316,126766578.0,191599058.963,201585974.733,344546591.663,210836970.0,278639039.879,Pleasanton  City of,2016-09-15,30,74850,0.63,420000000.0,88016712.0,5.38935,264600000.0,358781521.941,CA0110008,"$125,000 to $149,999",0.593167835477,11.0,$125k to 149.9k,7,62,2017,4,"3/4""",1,2000,14,No,2000,No,Summer,granted,3,Medium,1,city_delivered,inside_city,potable,C1,10,2,False,0.3,Turbine,1,1,No,no,403,Pleasanton City of,2017-01-15,bimonthly,ccf,Tiered,13.54,,57.93,71.47,0.19
4,CA0110009,605063695.0,900418256.718,454170070.0,510901851.248,409203643.5,752373723.588,564045100.0,642119076.419,201687898.333,300139418.906,151390023.333,170300617.083,136401214.5,250791241.196,188015033.333,214039692.14,Dublin San Ramon Services District,2016-09-15,30,83227,0.68,278524000.0,44603547.0,5.24245,189396320.0,253305155.025,CA0110009,"$125,000 to $149,999",0.5830487554,11.0,$125k to 149.9k,7,62,2017,4,"3/4""",1,2000,14,No,2000,No,Summer,granted,3,Medium,1,city_delivered,inside_city,potable,C1,10,2,False,0.3,Turbine,1,1,No,no,872,Dublin San Ramon Services District,2017-01-01,bimonthly,ccf,Tiered,26.43,,14.35,40.78,0.65
5,CA0110011,352633500.0,273268190.156,160455340.0,167236985.499,212138220.0,232600730.673,230161750.0,203658573.557,117544500.0,91089396.7187,53485113.3333,55745661.8329,70712740.0,77533576.8909,76720583.3333,67886191.1856,Livermore  City of Division of Water Resources,2016-09-15,30,28782,0.55,182350000.0,11626444.0,5.44197,100292500.0,78872596.6895,CA0110011,"$100,000 to $124,999",0.657384385878,10.0,$100k to 124.9k,7,31,2017,4,"3/4""",1,2000,7,No,2000,No,Summer,granted,3,Medium,1,city_delivered,inside_city,potable,C1,10,2,False,0.3,Turbine,1,1,No,no,1631,Livermore  City of,2017-01-01,monthly,ccf,Tiered,15.38,,51.52,66.9,0.23
6,CA0410002,1823366927.82,2111845391.59,602376116.76,782403105.199,949863557.074,1564695318.26,1067757776.44,1199471924.56,607788975.94,703948463.863,200792038.92,260801035.066,316621185.691,521565106.086,355919258.813,399823974.855,California Water Service Company Chico District,2016-09-15,30,104697,0.71,704295274.0,141461131.0,5.35803,500049644.54,548694729.931,CA0410002,"$40,000 to $44,999",0.525369373497,5.0,$40k to 44.9k,7,31,2017,4,"3/4""",1,2000,7,No,2000,No,Summer,granted,3,Medium,1,city_delivered,inside_city,potable,C1,10,2,False,0.3,Turbine,1,1,No,no,342,California Water Service Company Chico District,2017-01-01,monthly,ccf,Tiered,20.62,,24.2,44.82,0.46
7,CA0410005,131077516.387,188528133.641,55912846.22,75665925.2165,77334677.6065,141855934.693,58490331.34,112777759.108,43692505.4624,62842711.2135,18637615.4067,25221975.0722,25778225.8688,47285311.5643,19496777.1133,37592586.3694,California Water Service Company Oroville,2016-09-15,30,11020,0.27,91499081.0,11861790.0,5.45032,24704751.87,50249673.4313,CA0410005,"$25,000 to $29,999",0.530133928571,2.0,$25k to 29.9k,7,31,2017,4,"3/4""",1,2000,7,No,2000,No,Summer,granted,3,Medium,1,city_delivered,inside_city,potable,C1,10,2,False,0.3,Turbine,1,1,No,no,378,California Water Service Company Oroville,2017-01-01,monthly,ccf,Tiered,46.72,,40.87,87.59,0.53
8,CA0410007,561828300.0,3545650095.64,149917000.0,685573243.392,226352000.0,2337862905.07,287852000.0,1597371897.44,187276100.0,1181883365.21,49972333.3333,228524414.464,75450666.6667,779287635.024,95950666.6667,532457299.146,Paradise Irrigation District,2016-09-15,30,26032,0.73,191000000.0,303567911.0,5.41909,139430000.0,858903468.087,CA0410007,"$45,000 to $49,999",0.530948509485,6.0,$45k to 49.9k,7,31,2017,4,"3/4""",1,2000,7,No,2000,No,Summer,granted,3,Medium,1,city_delivered,inside_city,potable,C1,10,2,False,0.3,Turbine,1,1,No,no,70,Paradise Irrigation District,2016-04-08,monthly,ccf,Uniform,33.34,1.62,24.3,57.64,0.58
9,CA0710003,2233755196.18,3557868619.82,1091524076.0,1458126855.39,1156538930.38,2718989930.1,2041824142.88,2158975979.4,744585065.392,1185956206.61,363841358.667,486042285.132,385512976.792,906329976.7,680608047.627,719658659.799,Contra Costa Water District,2016-09-15,30,199680,0.81,1011442829.0,231849856.0,5.30184,819268691.49,939170496.905,CA0710003,"$75,000 to $99,999",0.58865352278,9.0,$75k to 99.9k,7,62,2017,4,"3/4""",1,2000,14,No,2000,No,Summer,granted,3,Medium,1,city_delivered,inside_city,potable,C1,10,2,False,0.3,Turbine,1,1,No,no,702,Contra Costa Water District,2017-09-05,Bi-Monthly,ccf,Tiered,8.97,,58.65,67.62,0.13
10,CA0710004,903682757.3,737743137.162,296841280.0,364055186.533,518325700.0,586278326.151,531582600.0,485239841.142,301227585.767,245914379.054,98947093.3333,121351728.844,172775233.333,195426108.717,177194200.0,161746613.714,Brentwood  City of,2016-09-15,30,58784,0.7,331270000.0,36263776.0,5.71849,231889000.0,199851124.047,CA0710004,"$60,000 to $74,999",0.500275027503,8.0,$60k to 74.9k,7,31,2017,4,"3/4""",1,2000,7,No,2000,No,Summer,granted,3,Medium,1,city_delivered,inside_city,potable,C1,10,2,False,0.3,Turbine,1,1,No,no,275,Brentwood City of,2016-07-01,monthly,ccf,Tiered,29.83,,63.02,92.85,0.32
11,CA0710006,271557500.0,674890289.31,96576416.43,279279145.119,179984141.193,532569852.162,134770048.95,419509284.496,90519166.6667,224963429.77,32192138.81,93093048.3729,59994713.7309,177523284.054,44923349.65,139836428.165,Martinez  City of,2016-09-15,30,35375,0.74,81144935.0,52496394.0,4.8004,60047251.9,183362580.12,CA0710006,"$75,000 to $99,999",0.589731098987,9.0,$75k to 99.9k,7,62,2017,4,"3/4""",1,2000,14,No,2000,No,Summer,granted,3,Medium,1,city_delivered,inside_city,potable,C1,10,2,False,0.3,Turbine,1,1,No,no,1761,Martinez  City of,2017-03-31,bimonthly,ccf,Uniform,29.72,4.34,65.1,94.82,0.31
12,CA0710007,486519210.0,1065366046.42,180465570.0,346064971.72,303281820.0,767851286.163,312845490.0,584931349.744,162173070.0,355122015.472,60155190.0,115354990.573,101093940.0,255950428.721,104281830.0,194977116.581,Diablo Water District,2016-09-15,30,40793,0.81,164568000.0,72069955.0,5.74144,133300080.0,272545969.928,CA0710007,"$75,000 to $99,999",0.621365659627,9.0,$75k to 99.9k,7,31,2017,4,"3/4""",1,2000,7,No,2000,No,Summer,granted,3,Medium,1,city_delivered,inside_city,potable,C1,10,2,False,0.3,Turbine,1,1,No,no,836,Diablo Water District,2017-02-01,monthly,ccf,Tiered,11.05,,49.53,60.58,0.18
13,CA0710008,625878490.0,683573411.182,368752650.0,394579583.828,458539798.0,568069943.177,447737400.0,492354507.87,208626163.333,227857803.727,122917550.0,131526527.943,152846599.333,189356647.726,149245800.0,164118169.29,Pittsburg  City of,2016-09-15,30,67628,0.65,276380000.0,30999065.0,5.30287,179647000.0,193120669.861,CA0710008,"$50,000 to $59,999",0.507049489126,7.0,$50k to 59.9k,7,31,2017,4,"3/4""",1,2000,7,No,2000,No,Summer,granted,3,Medium,1,city_delivered,inside_city,potable,C1,10,2,False,0.3,Turbine,1,1,No,no,133,Pittsburg  City of,2017-01-01,monthly,ccf,Tiered,24.29,,55.11,79.4,0.31
14,CA0910001,2742948883.69,7806158299.48,809141229.37,1662221329.57,1223396148.61,4725908788.07,1514221805.74,3858455930.38,914316294.562,2602052766.49,269713743.123,554073776.522,407798716.205,1575302929.36,504740601.913,1286151976.79,El Dorado Irrigation District,2016-09-15,30,118500,0.65,1253550440.0,611370269.0,5.93059,814807786.0,1993915056.2,CA0910001,"$75,000 to $99,999",0.598414339883,9.0,$75k to 99.9k,7,62,2017,4,"3/4""",1,2000,14,No,2000,No,Summer,granted,3,Medium,1,city_delivered,inside_city,potable,C1,10,2,False,0.3,Turbine,1,1,No,no,934,El Dorado Irrigation District - Main,2017-01-01,bimonthly,ccf,Tiered,29.94,,23.77,53.71,0.56
15,CA0910002,353207600.0,895642725.536,130439400.0,272185743.885,172835600.0,593179658.426,194317520.0,493228357.994,117735866.667,298547575.179,43479800.0,90728581.2951,57611866.6667,197726552.809,64772506.6667,164409452.665,South Tahoe Public Utilities District,2016-09-15,30,33124,0.45,205200000.0,63540324.0,5.76364,92340000.0,236301482.298,CA0910002,"$45,000 to $49,999",0.507797158369,6.0,$45k to 49.9k,7,31,2017,4,"3/4""",1,2000,7,No,2000,No,Summer,granted,3,Medium,1,city_delivered,inside_city,potable,C1,10,2,False,0.3,Turbine,1,1,No,no,2754,South Tahoe Public Utility District,2017-07-01,Quarterly,ccf,Tiered,134.2,,15.6,149.8,0.9
16,CA0910013,189441080.0,2841141222.4,75299770.0,451737150.661,89039310.0,1685272850.13,113237460.0,1306995744.18,63147026.6667,947047074.132,25099923.3333,150579050.22,29679770.0,561757616.71,37745820.0,435665248.06,Georgetown Divide Public Utilities District,2016-09-15,30,9499,0.84,52203000.0,241503712.0,5.84748,43850520.0,716118660.419,CA0910013,"$75,000 to $99,999",0.648415872039,9.0,$75k to 99.9k,7,62,2017,4,"3/4""",1,2000,14,No,2000,No,Summer,granted,3,Medium,1,city_delivered,inside_city,potable,C1,10,2,False,0.3,Turbine,1,1,No,no,1133,Georgetown Divide Public Utility District,2011-07-11,Bi-Monthly,ccf,Tiered,23.57,,7.59,31.16,0.76
17,CA1010007,9433922484.0,7708210012.79,3697154550.0,3349845369.46,5614663206.0,5852812617.89,6931879920.0,4915765150.94,3144640828.0,2569403337.6,1232384850.0,1116615123.15,1871554402.0,1950937539.3,2310626640.0,1638588383.65,Fresno  City of,2016-09-15,30,520453,0.7,3970725000.0,384125385.0,6.14412,2779507500.0,2029363230.4,CA1010007,"$40,000 to $44,999",0.515806345938,5.0,$40k to 44.9k,7,31,2017,4,"3/4""",1,2000,7,No,2000,No,Summer,granted,3,Medium,1,city_delivered,inside_city,potable,C1,10,2,False,0.3,Turbine,1,1,No,no,1072,Fresno City of,2016-07-01,monthly,ccf,Uniform,10.5,1.28,19.2,29.7,0.35
18,CA1010024,384079675.844,293518221.147,142495154.79,151621327.947,250318447.104,234826949.553,237642142.5,205999986.315,128026558.615,97839407.049,47498384.93,50540442.6489,83439482.3679,78275649.8509,79214047.5,68666662.105,California Water Service Company Selma,2016-09-15,30,25191,0.74,132295679.0,13246053.0,6.02587,97898802.46,81155370.722,CA1010024,"$40,000 to $44,999",0.537957317073,5.0,$40k to 44.9k,7,31,2017,4,"3/4""",1,2000,7,No,2000,No,Summer,granted,3,Medium,1,city_delivered,inside_city,potable,C1,10,2,False,0.3,Turbine,1,1,No,no,91,California Water Service Company Selma,2017-04-15,monthly,ccf,Tiered,33.08,,24.78,57.86,0.57
19,CA1110003,101361332.576,101666779.518,38192393.93,46044139.1746,58359241.1174,78999386.1936,62376109.2,63301842.7673,33787110.8588,33888926.5061,12730797.9767,15348046.3915,19453080.3725,26333128.7312,20792036.4,21100614.2558,California Water Service Company Willows,2016-09-15,30,7084,0.74,37733595.0,5831349.0,5.37107,27922860.3,27223609.502,CA1110003,"$35,000 to $39,999",0.571955719557,4.0,$35k to 39.9k,7,31,2017,4,"3/4""",1,2000,7,No,2000,No,Summer,granted,3,Medium,1,city_delivered,inside_city,potable,C1,10,2,False,0.3,Turbine,1,1,No,no,89,California Water Service Company Willows,2017-01-01,monthly,ccf,Tiered,52.59,,30.72,83.31,0.63
20,CA1210009,125096970.0,826404647.076,97892313.22,228098053.694,97476994.72,565245667.016,110746632.16,412237870.305,41698990.0,275468215.692,32630771.0733,76032684.5646,32492331.5733,188415222.339,36915544.0533,137412623.435,Humboldt Community Service District,2016-09-15,30,22842,0.61,67753000.0,64030777.0,5.2701,41329330.0,205063804.542,CA1210009,"$45,000 to $49,999",0.509769781389,6.0,$45k to 49.9k,7,31,2017,4,"1""",1,2000,7,No,2000,No,Summer,granted,3,Medium,1,city_delivered,inside_city,potable,C1,10,2,False,0.3,Turbine,1,1,No,no,1371,Humboldt Community Services District,2017-08-01,Monthly,ccf,Uniform,54.63,3.56,53.4,108.03,0.51
21,CA1210013,4784996.0,1129273197.09,2838900.0,185688333.417,4482624.0,719702676.899,4439200.0,474116341.205,1594998.66667,376424399.03,946300.0,61896111.139,1494208.0,239900892.3,1479733.33333,158038780.402,Humboldt Bay Municipal Water District,2016-09-15,30,602,0.11,17710000.0,101260375.0,5.25941,1948100.0,265147935.124,CA1210013,"$40,000 to $44,999",0.530947557956,5.0,$40k to 44.9k,7,31,2017,4,"5/8""",1,2000,7,No,2000,No,Summer,granted,3,Medium,1,city_delivered,inside_city,potable,C1,10,2,False,0.3,Turbine,1,1,No,no,1370,Humboldt Bay Municipal Water District,2017-07-01,Monthly,ccf,Tiered,23.77,,18.39,42.16,0.56
22,CA1210016,102084940.0,1146217140.04,75841800.0,252188239.623,74038300.0,754546146.033,95284270.0,524298684.842,34028313.3333,382072380.014,25280600.0,84062746.541,24679433.3333,251515382.011,31761423.3333,174766228.281,McKinleyville Community Service District,2016-09-15,30,16900,0.78,45203000.0,96228091.0,5.19976,35258340.0,276065037.315,CA1210016,"$50,000 to $59,999",0.587168758717,7.0,$50k to 59.9k,7,31,2017,4,"3/4""",1,2000,7,No,2000,No,Summer,granted,3,Medium,1,city_delivered,inside_city,potable,C1,10,2,False,0.3,Turbine,1,1,No,no,1780,McKinleyville Community Service District,2017-01-10,monthly,ccf,Tiered,24.55,,35.34,59.89,0.41
23,CA1310004,564438000.0,384866599.94,294910000.0,268262660.979,429261000.0,349596654.695,431002600.0,313269388.046,188146000.0,128288866.647,98303333.3333,89420886.9929,143087000.0,116532218.232,143667533.333,104423129.349,El Centro  City of,2016-09-15,30,45170,0.7,222098000.0,11184844.0,6.97344,155468600.0,113216931.918,CA1310004,"$30,000 to $34,999",0.504581613131,3.0,$30k to 34.9k,7,31,2017,4,"3/4""",1,2000,7,No,2000,No,Summer,granted,3,Medium,1,city_delivered,inside_city,potable,C1,10,2,False,0.3,Turbine,1,1,No,no,930,El Centro  City of,2017-01-01,monthly,ccf,Uniform,3.56,3.75,56.25,59.81,0.06
24,CA1510003,5336636014.35,1771048382.33,1846973788.44,1446183484.35,3520084594.97,1652640570.21,3647259910.17,1571083842.57,1778878671.45,590349460.777,615657929.48,482061161.449,1173361531.66,550880190.069,1215753303.39,523694614.192,California Water Service Company Bakersfield,2016-09-15,30,279753,0.67,2082223204.0,28192318.0,6.22208,1395089546.68,548598219.559,CA1510003,"$35,000 to $39,999",0.519039957093,4.0,$35k to 39.9k,7,31,2017,4,"3/4""",1,2000,7,No,2000,No,Summer,granted,3,Medium,1,city_delivered,inside_city,potable,C1,10,2,False,0.3,Turbine,1,1,No,no,180,California Water Service Company Bakersfield,2017-01-01,monthly,ccf,Tiered,23.47,,27.73,51.2,0.46
25,CA1510006,636215135.675,167437442.583,251387858.98,158439947.694,361633172.199,165259245.837,537853624.47,162271091.616,212071711.892,55812480.861,83795952.9933,52813315.8981,120544390.733,55086415.2792,179284541.49,54090363.872,East Niles Community Service District,2016-09-15,30,31772,0.79,280558079.0,533649.0,6.2441,221640882.41,54076550.2296,CA1510006,"$40,000 to $44,999",0.563608218407,5.0,$40k to 44.9k,7,31,2017,4,"3/4""",1,2000,7,No,2000,No,Summer,granted,3,Medium,1,city_delivered,inside_city,potable,C1,10,2,False,0.3,Turbine,1,1,No,no,905,East Niles Community Service District,2017-04-01,monthly,ccf,Uniform,38.9,1.48,22.2,61.1,0.64
26,CA1510012,295506467.5,117953899.174,118596379.0,97479360.9791,189820410.2,112724662.389,197009828.0,106875355.066,98502155.8333,39317966.3912,39532126.3333,32493120.3264,63273470.0667,37574887.4631,65669942.6667,35625118.3553,Lamont Public Utility District,2016-09-15,30,20009,0.73,109137000.0,1354110.0,6.18087,79670010.0,37166160.6263,CA1510012,"$30,000 to $34,999",0.55390702275,3.0,$30k to 34.9k,7,31,2017,4,"3/4""",1,2000,7,No,2000,No,Summer,granted,3,Medium,1,city_delivered,inside_city,potable,C1,10,2,False,0.3,Turbine,1,1,No,no,1546,Lamont Public Utility District,2017-01-01,monthly,ccf,Uniform,26.86,15.4,231.0,257.86,0.1
27,CA1510018,230222600.0,187218105.641,114632000.0,112014917.658,154391100.0,158602323.405,173700000.0,140420721.128,76740866.6667,62406035.2135,38210666.6667,37338305.8862,51463700.0,52867441.1352,57900000.0,46806907.0426,Rosamond Community Service District,2016-09-15,30,17700,0.83,82600000.0,7951101.0,5.9641,68558000.0,52725896.0912,CA1510018,"$50,000 to $59,999",0.503181239775,7.0,$50k to 59.9k,7,31,2017,4,"3/4""",1,2000,7,No,2000,No,Summer,granted,3,Medium,1,city_delivered,inside_city,potable,C1,10,2,False,0.3,Turbine,1,1,No,no,94,Rosamond Community Service District,2017-07-01,monthly,ccf,Tiered,33.53,,32.4,65.93,0.51
28,CA1810001,235003872.0,196979651.466,89431560.0,66074037.9058,131695543.0,139153120.732,129930300.0,109871372.998,78334624.0,65659883.8218,29810520.0,22024679.3019,43898514.3333,46384373.5775,43310100.0,36623790.9995,Susanville  City of,2016-09-15,30,8497,0.71,93930000.0,13203025.0,5.60899,66690300.0,50751645.0566,CA1810001,"$35,000 to $39,999",0.529117094552,4.0,$35k to 39.9k,7,31,2017,4,"3/4""",1,2000,7,No,2000,No,Summer,granted,3,Medium,1,city_delivered,inside_city,potable,C1,10,2,False,0.3,Turbine,1,1,No,no,366,Susanville  City of,2012-08-12,monthly,ccf,Tiered,23.65,,0.0,23.65,1.0
29,CA1910003,1156193410.56,1549228984.55,549171975.414,613367483.725,606887855.542,1234519474.32,879560980.97,998377260.385,385397803.519,516409661.518,183057325.138,204455827.908,202295951.847,411506491.44,293186993.657,332792420.128,Arcadia  City of,2016-09-15,30,57639,0.66,440876981.0,115636256.0,5.48167,290978807.46,409508728.532,CA1910003,"$75,000 to $99,999",0.555191491647,9.0,$75k to 99.9k,7,62,2017,4,"3/4""",1,2000,14,No,2000,No,Summer,granted,3,Medium,1,city_delivered,inside_city,potable,C1,10,2,False,0.3,Turbine,1,1,No,no,132,Arcadia  City Of,2017-04-01,Bimonthly,ccf,Tiered,10.17,,24.46,34.63,0.29
30,CA1910011,302304034.309,384751404.229,252840830.18,313740538.814,284994773.922,364559738.727,277858073.89,343883025.498,100768011.436,128250468.076,84280276.7267,104580179.605,94998257.9739,121519912.909,92619357.9633,114627675.166,Golden State Water Company Bell-Bell Gardens,2016-09-15,30,57934,0.75,128059611.0,9421701.0,4.96777,96044708.25,118806302.414,CA1910011,"$35,000 to $39,999",0.540818608812,4.0,$35k to 39.9k,7,31,2017,4,"3/4""",1,2000,7,No,2000,No,Summer,granted,3,Medium,1,city_delivered,inside_city,potable,C1,10,2,False,0.3,Turbine,1,1,No,no,1179,Golden State Water Company Bell-Bell Gardens,2017-04-01,Monthly,ccf,Tiered,25.04,,60.87,85.91,0.29
31,CA1910013,373605540.159,411434594.539,270872470.54,280555410.333,323889605.899,377768468.441,331811771.26,335735365.39,124535180.053,137144864.846,90290823.5133,93518470.1112,107963201.966,125922822.814,110603923.753,111911788.463,Bellflower-Somerset Mutual Water Company,2016-09-15,30,46300,0.86,136746810.0,18985023.0,4.82515,117602256.6,121831369.529,CA1910013,"$40,000 to $44,999",0.504721334753,5.0,$40k to 44.9k,7,62,2017,4,"3/4""",1,2000,14,No,2000,No,Summer,granted,3,Medium,1,city_delivered,inside_city,potable,C1,10,2,False,0.3,Turbine,1,1,No,no,383,Bellflower-Somerset Mutual Water Company,2014-10-01,bimonthly,ccf,Uniform,14.18,1.75,26.25,40.42,0.35
32,CA1910017,1975044478.16,8005145341.18,817851238.11,2766265508.44,1531919448.43,6125391308.44,1471551561.0,4844634283.96,658348159.385,2668381780.39,272617079.37,922088502.813,510639816.143,2041797102.81,490517187.0,1614878094.65,Castaic Lake Water Agency Santa Clarita Water Division,2016-09-15,30,122998,0.66,861551173.0,627228536.0,5.87969,568623774.18,2032149738.01,CA1910017,"$75,000 to $99,999",0.654518363402,9.0,$75k to 99.9k,7,31,2017,4,"3/4""",1,2000,7,No,2000,No,Summer,granted,3,Medium,1,city_delivered,inside_city,potable,C1,10,2,False,0.3,Turbine,1,1,No,no,117,Castaic Lake Water Agency Santa Clarita Water Division,2017-01-01,monthly,ccf,Tiered,25.26,,27.21,52.47,0.48
33,CA1910017,1975044478.16,8005145341.18,817851238.11,2766265508.44,1531919448.43,6125391308.44,1471551561.0,4844634283.96,658348159.385,2668381780.39,272617079.37,922088502.813,510639816.143,2041797102.81,490517187.0,1614878094.65,Castaic Lake Water Agency Santa Clarita Water Division,2016-09-15,30,122998,0.66,861551173.0,627228536.0,5.87969,568623774.18,2032149738.01,CA1910017,"$75,000 to $99,999",0.654518363402,9.0,$75k to 99.9k,7,31,2017,4,"3/4""",1,2000,7,No,2000,No,Summer,granted,3,Medium,1,city_delivered,inside_city,potable,C1,10,2,False,0.3,Turbine,1,1,No,no,0,Santa Clarita Water Division,2017-01-01,Monthly,ccf,Tiered,25.26,,27.23,52.49,0.48
34,CA1910028,327410300.227,603266595.604,209297303.72,287104690.993,275250610.604,485768799.316,303725138.0,414722512.496,109136766.742,201088865.201,69765767.9067,95701563.6644,91750203.5347,161922933.105,101241712.667,138240837.499,Crescenta Valley Water District,2016-09-15,30,32385,0.89,122520137.0,40512076.0,5.44638,109042921.93,162874753.601,CA1910028,"$75,000 to $99,999",0.596799224054,9.0,$75k to 99.9k,7,62,2017,4,"3/4""",1,2000,14,No,2000,No,Summer,granted,3,Medium,1,city_delivered,inside_city,potable,C1,10,2,False,0.3,Turbine,1,1,No,no,747,Crescenta Valley Water District,2017-07-01,Bi-Monthly,ccf,Tiered,23.96,,102.36,126.32,0.19
35,CA1910033,997585248.017,5173154730.09,750640470.98,2039152750.05,842586750.277,4247734354.01,899492987.3,3356236984.8,332528416.006,1724384910.03,250213490.327,679717583.35,280862250.092,1415911451.34,299830995.767,1118745661.6,California Water Service Company Dominguez,2016-09-15,30,142799,0.38,902575868.0,467804676.0,4.89436,342978829.84,1371262179.04,CA1910033,"$60,000 to $74,999",0.530735054271,8.0,$60k to 74.9k,7,31,2017,4,"3/4""",1,2000,7,No,2000,No,Summer,granted,3,Medium,1,city_delivered,inside_city,potable,C1,10,2,False,0.3,Turbine,1,1,No,no,192,California Water Service Company Dominguez,2017-01-01,monthly,ccf,Tiered,25.5,,49.89,75.39,0.34
36,CA1910036,678365223.407,972711619.681,523296537.87,846003498.313,609401212.769,949946780.018,608044302.42,916134323.998,226121741.136,324237206.56,174432179.29,282001166.104,203133737.59,316648926.673,202681434.14,305378107.999,California Water Service Company East Los Angeles,2016-09-15,30,158675,0.53,404870398.0,20480185.0,5.16274,214581310.94,314257749.672,CA1910036,"$40,000 to $44,999",0.550014358189,5.0,$40k to 44.9k,7,31,2017,4,"3/4""",1,2000,7,No,2000,No,Summer,granted,3,Medium,1,city_delivered,inside_city,potable,C1,10,2,False,0.3,Turbine,1,1,No,no,79,California Water Service Company East Los Angeles,2017-01-01,monthly,ccf,Tiered,25.08,,57.31,82.39,0.3
37,CA1910039,1875443101.72,4540335908.89,1166613278.4,2121956789.58,1542236556.31,3793511775.07,1605339640.2,3164284182.59,625147700.574,1513445302.96,388871092.8,707318929.861,514078852.104,1264503925.02,535113213.4,1054761394.2,San Gabriel Valley Water Company,2016-09-15,30,271817,0.6,957677344.0,319994931.0,5.0487,574606406.4,1249815020.44,CA1910039,"$50,000 to $59,999",0.561910625263,7.0,$50k to 59.9k,7,31,2017,4,"3/4""",1,2000,7,No,2000,No,Summer,granted,3,Medium,1,city_delivered,inside_city,potable,C1,10,2,False,0.3,Turbine,1,1,No,no,2524,San Gabriel Valley Water Company,2017-07-01,Monthly,ccf,Tiered,33.65,,48.59,82.24,0.41
38,CA1910043,1686855480.45,3306977353.81,1142999152.24,1623729218.78,1399014101.05,2689143407.13,1481561260.81,2301057241.01,562285160.15,1102325784.6,380999717.413,541243072.925,466338033.682,896381135.71,493853753.603,767019080.336,Glendale  City of,2016-09-15,30,193300,0.77,668907809.0,214291260.0,5.40537,515059012.93,893473479.841,CA1910043,"$50,000 to $59,999",0.524137528457,7.0,$50k to 59.9k,7,31,2017,4,"3/4""",1,2000,7,No,2000,No,Summer,granted,3,Medium,1,city_delivered,inside_city,potable,C1,10,2,False,0.3,Turbine,1,1,No,no,1146,Glendale City of,2016-07-01,monthly,ccf,Tiered,28.02,,44.09,72.11,0.39
39,CA1910049,263604550.262,450048827.602,184177743.67,355116948.583,251273843.488,422307420.511,247125722.24,395435050.71,87868183.4208,150016275.867,61392581.2233,118372316.194,83757947.8292,140769140.17,82375240.7467,131811683.57,Huntington Park  City of,2016-09-15,30,64219,0.76,117306514.0,12855166.0,4.97551,89152950.64,137686009.464,CA1910049,"$35,000 to $39,999",0.561313139079,4.0,$35k to 39.9k,7,31,2017,4,"3/4""",1,2000,7,No,2000,No,Summer,granted,3,Medium,1,city_delivered,inside_city,potable,C1,10,2,False,0.3,Turbine,1,1,No,no,1378,Huntington Park  City of,2017-01-01,monthly,ccf,Uniform,6.35,2.54,38.1,44.45,0.14
40,CA1910065,3147796472.13,8609923935.03,2414386372.8,4202481771.58,2845536688.45,7545848854.31,2800432333.64,6062182544.74,1049265490.71,2869974645.01,804795457.6,1400827257.19,948512229.483,2515282951.44,933477444.547,2020727514.91,Long Beach  City of,2016-09-15,30,487074,0.64,1518467650.0,672909596.0,4.77168,971819296.0,2396283093.48,CA1910065,"$50,000 to $59,999",0.540813653206,7.0,$50k to 59.9k,7,31,2017,4,"3/4""",1,2000,7,No,2000,No,Summer,granted,3,Medium,1,city_delivered,inside_city,potable,C1,10,2,False,0.3,Turbine,1,1,No,no,1656,Long Beach City of,2016-10-01,monthly,ccf,Tiered,14.87,,35.67,50.54,0.29
41,CA1910067,32188252403.4,69575412643.7,20141183003.4,35864448277.1,25279025827.3,58744615475.6,27365445997.8,50415720124.1,10729417467.8,23191804214.6,6713727667.79,11954816092.4,8426341942.45,19581538491.9,9121815332.61,16805240041.4,Los Angeles Department of Water and Power,2016-09-15,30,4095158,0.68,14124355955.0,4865308278.0,5.20814,9604562049.4,19325257200.9,CA1910067,"$50,000 to $59,999",0.557735949806,7.0,$50k to 59.9k,7,62,2017,4,"3/4""",1,2000,14,No,2000,No,Summer,granted,3,Medium,1,city_delivered,inside_city,potable,C1,10,2,False,0.3,Turbine,1,1,No,no,1665,Los Angeles Department of Water and Power,2017-01-01,bimonthly,ccf,Tiered,0.0,,98.52,98.52,0.0
42,CA1910104,1429188822.99,4003708598.42,639351455.54,1448021837.67,1165643349.59,3222108127.58,1176265649.7,2517313511.61,476396274.329,1334569532.81,213117151.847,482673945.889,388547783.196,1074036042.53,392088549.9,839104503.871,California Water Service Company Palos Verdes,2016-09-15,30,70024,0.79,539805474.0,381204417.0,4.89761,426446324.46,1041566920.11,CA1910104,"$125,000 to $149,999",0.547402569685,11.0,$125k to 149.9k,7,31,2017,4,"3/4""",1,2000,7,No,2000,No,Summer,granted,3,Medium,1,city_delivered,inside_city,potable,C1,10,2,False,0.3,Turbine,1,1,No,no,150,California Water Service Company Palos Verdes,2017-01-01,monthly,ccf,Tiered,31.02,,65.35,96.37,0.32
43,CA1910126,1199575265.56,3135657711.63,791574924.12,1385589049.39,784191789.326,2602455321.1,979883619.64,2074174506.86,399858421.854,1045219237.21,263858308.04,461863016.462,261397263.109,867485107.034,326627873.213,691391502.286,Pomona  City of,2016-09-15,30,155604,0.51,590854010.0,235850114.0,4.92119,301335545.1,832435558.368,CA1910126,"$50,000 to $59,999",0.575837974152,7.0,$50k to 59.9k,7,62,2017,4,"3/4""",1,2000,14,No,2000,No,Summer,granted,3,Medium,1,city_delivered,inside_city,potable,C1,10,2,False,0.3,Turbine,1,1,No,no,2237,Pomona  City of,2017-01-01,bimonthly,ccf,Tiered,33.39,,20.32,53.72,0.62
44,CA1910134,743950545.77,2135347827.03,538706377.15,973890565.818,652761023.924,1777557750.3,669120590.28,1462629868.98,247983515.257,711782609.011,179568792.383,324630188.606,217587007.975,592519250.101,223040196.76,487543289.658,California Water Service Company Hermosa/Redondo,2016-09-15,30,95990,0.73,310243144.0,166761882.0,5.05718,226477495.12,576682547.789,CA1910134,"$100,000 to $124,999",0.602178820296,10.0,$100k to 124.9k,7,31,2017,4,"3/4""",1,2000,7,No,2000,No,Summer,granted,3,Medium,1,city_delivered,inside_city,potable,C1,10,2,False,0.3,Turbine,1,1,No,no,244,California Water Service Company Hermosa Redondo,2017-01-01,monthly,ccf,Tiered,17.81,,64.67,82.48,0.22
45,CA1910140,182066226.322,299178525.149,77722082.87,116953624.008,130796762.798,237896360.404,150139303.97,193606838.48,60688742.1073,99726175.0498,25907360.9567,38984541.336,43598920.9326,79298786.8014,50046434.6567,64535612.8266,Rubio Canyon Land and Water Association,2016-09-15,30,9600,0.89,59956663.0,23527449.0,5.47952,53361430.07,79783887.1629,CA1910140,"$100,000 to $124,999",0.595034246575,10.0,$100k to 124.9k,7,31,2017,4,"3/4""",1,2000,7,No,2000,No,Summer,granted,3,Medium,1,city_delivered,inside_city,potable,C1,10,2,False,0.3,Turbine,1,1,No,no,2468,Rubio Canyon Land And Water Association,2015-06-01,Monthly,ccf,Tiered,25.0,,37.5,62.5,0.4
46,CA1910142,698941763.468,1317620996.65,345207653.46,544554898.123,563193688.237,1076354982.43,572965418.97,851386943.963,232980587.823,439206998.882,115069217.82,181518299.374,187731229.412,358784994.144,190988472.99,283795647.988,Golden State Water Company San Dimas,2016-09-15,30,54872,0.63,341818147.0,104327633.0,4.94566,215345432.61,346459424.706,CA1910142,"$75,000 to $99,999",0.611003487021,9.0,$75k to 99.9k,7,31,2017,4,"3/4""",1,2000,7,No,2000,No,Summer,granted,3,Medium,1,city_delivered,inside_city,potable,C1,10,2,False,0.3,Turbine,1,1,No,no,1200,Golden State Water Company - San Dimas,2017-04-01,Monthly,ccf,Tiered,23.13,,58.91,82.04,0.28
47,CA1910146,685858000.0,1095531893.16,502212000.0,676011936.685,629019000.0,1006073309.35,624624000.0,878447544.451,228619333.333,365177297.72,167404000.0,225337312.228,209673000.0,335357769.784,208208000.0,292815848.15,Santa Monica  City of,2016-09-15,30,93640,0.66,329500000.0,68678844.0,4.93908,217470000.0,322754311.192,CA1910146,"$75,000 to $99,999",0.578844757855,9.0,$75k to 99.9k,7,62,2017,4,"3/4""",1,2000,14,No,2000,No,Summer,granted,3,Medium,1,city_delivered,inside_city,potable,C1,10,2,False,0.3,Turbine,1,1,No,no,364,Santa Monica City of,2017-01-01,bimonthly,ccf,Tiered,0.0,,57.07,57.07,0.0
48,CA1910152,525902012.696,632500318.967,388521910.46,493329468.051,419245659.601,592536087.164,449562877.0,552339073.34,175300670.899,210833439.656,129507303.487,164443156.017,139748553.2,197512029.055,149854292.333,184113024.447,South Gate  City of,2016-09-15,30,88654,0.6,257083742.0,19022324.0,4.95076,154250245.2,192989880.54,CA1910152,"$40,000 to $44,999",0.502833738153,5.0,$40k to 44.9k,7,31,2017,4,"3/4""",1,2000,7,No,2000,No,Summer,granted,3,Medium,1,city_delivered,inside_city,potable,C1,10,2,False,0.3,Turbine,1,1,No,no,0,City of South Gate,2017-07-01,Monthly,ccf,Uniform,0.0,5.98,89.7,89.7,0.0
49,CA1910156,662503199.548,909086120.169,361027414.22,431164781.579,569561900.43,774098235.221,571521897.04,659636525.452,220834399.849,303028706.723,120342471.407,143721593.86,189853966.81,258032745.074,190507299.013,219878841.817,Beverly Hills  City of,2016-09-15,30,51403,0.69,300891208.0,66005926.0,5.14658,207614933.52,253308520.202,CA1910156,"$75,000 to $99,999",0.545413157296,9.0,$75k to 99.9k,7,62,2017,4,"3/4""",1,2000,14,No,2000,No,Summer,granted,3,Medium,1,city_delivered,inside_city,potable,C1,10,2,False,0.3,Turbine,1,1,No,no,239,Beverly Hills City of,2017-07-03,Bimonthly,ccf,Tiered,21.68,,71.0,92.68,0.23
50,CA1910173,153378266.689,233899234.378,289411592.4,377863639.503,381893701.546,612702711.903,393997387.68,520172607.383,153378266.689,233899234.378,96470530.8,125954546.501,127297900.515,204234237.301,131332462.56,173390869.128,Whittier  City of,2016-09-15,30,49954,0.72,230272686.0,46821998.0,5.08307,165796333.92,200471848.713,CA1910173,"$50,000 to $59,999",0.525941059931,7.0,$50k to 59.9k,7,62,2017,4,"3/4""",1,2000,14,No,2000,No,Summer,granted,3,Medium,1,city_delivered,inside_city,potable,C1,10,2,False,0.3,Turbine,1,1,No,no,196,Whittier Water District,2016-08-01,bimonthly,ccf,Tiered,20.18,,26.4,46.58,0.43
51,CA1910179,1080142871.06,1306326090.15,704453638.36,751544748.006,817029998.02,1101565381.68,988211577.28,982565088.329,360047623.688,435442030.051,234817879.453,250514916.002,272343332.673,367188460.559,329403859.093,327521696.11,Burbank  City of,2016-09-15,30,105110,0.78,450163746.0,72921754.0,5.43276,351127721.88,369930028.577,CA1910179,"$60,000 to $74,999",0.545461103763,8.0,$60k to 74.9k,7,31,2017,4,"3/4""",1,2000,7,No,2000,No,Summer,granted,3,Medium,1,city_delivered,inside_city,potable,C1,10,2,False,0.3,Turbine,1,1,No,no,270,Burbank City of,2017-01-02,monthly,ccf,Tiered,12.29,,18.85,56.48,0.22
52,CA1910194,481335997.313,1790852034.83,348903785.7,727149095.734,428838399.76,1482172899.35,428107188.6,1177435579.04,160445332.438,596950678.278,116301261.9,242383031.911,142946133.253,494057633.117,142702396.2,392478526.347,Rowland Water District,2016-09-15,30,58000,0.51,302390124.0,154867370.0,4.99115,154218963.24,479091271.793,CA1910194,"$60,000 to $74,999",0.591500321958,8.0,$60k to 74.9k,7,31,2017,4,"3/4""",1,2000,7,No,2000,No,Summer,granted,3,Medium,1,city_delivered,inside_city,potable,C1,10,2,False,0.3,Turbine,1,1,No,no,60,Rowland Water District,2017-01-01,monthly,ccf,Tiered,25.91,,42.6,68.51,0.38
53,CA1910204,573674471.291,638374529.137,288574024.44,283811559.687,471604770.297,515874710.644,573140075.02,427094977.575,191224823.764,212791509.712,96191341.48,94603853.2289,157201590.099,171958236.881,191046691.673,142364992.525,Los Angeles County Public Works Waterworks District 29,2016-09-15,30,22264,0.82,226792593.0,53831824.0,4.87404,185969926.26,166875317.871,CA1910204,"$100,000 to $124,999",0.598081952921,10.0,$100k to 124.9k,7,31,2017,4,"3/4""",1,2000,7,No,2000,No,Summer,granted,3,Medium,1,city_delivered,inside_city,potable,C1,10,2,False,0.3,Turbine,1,1,No,no,1673,Los Angeles County Waterworks District 29 - Malibu & Marina Del Rey,2017-01-01,Monthly,ccf,Tiered,37.81,,98.97,136.78,0.28
54,CA1910225,1465435330.08,2644426443.3,492351730.85,1100864059.01,1024120405.03,2089140758.2,1097803232.91,1703830736.34,488478443.359,881475481.101,164117243.617,366954686.338,341373468.342,696380252.733,365934410.97,567943578.78,Las Virgenes Municipal Water District,2016-09-15,30,75384,0.61,692434282.0,223105462.0,4.97043,422384912.02,674412920.418,CA1910225,"$100,000 to $124,999",0.539869857726,10.0,$100k to 124.9k,7,31,2017,4,"3/4""",1,2000,7,No,2000,No,Summer,granted,3,Medium,1,city_delivered,inside_city,potable,C1,10,2,False,0.3,Turbine,1,1,No,no,1566,Las Virgenes Municipal Water District,2017-01-01,monthly,ccf,Budget,21.73,,41.58,91.73,0.24
55,CA1910234,479557826.076,1576635525.09,800285761.054,1709713403.71,1185550525.65,3869794827.44,1219477263.5,2958481967.21,479557826.076,1576635525.09,266761920.351,569904467.905,395183508.549,1289931609.15,406492421.167,986160655.738,Walnut Valley Water District,2016-09-15,30,113236,0.84,571038333.0,432217928.0,4.91217,479672199.72,1239910857.93,CA1910234,"$75,000 to $99,999",0.573751930005,9.0,$75k to 99.9k,7,31,2017,4,"3/4""",1,2000,7,No,2000,No,Summer,granted,3,Medium,1,city_delivered,inside_city,potable,C1,10,2,False,0.3,Turbine,1,1,No,no,3126,Walnut Valley Water District,2017-01-01,monthly,ccf,Tiered,19.43,,45.81,65.24,0.3
56,CA2110003,711760000.0,2099579997.17,370927000.0,682113413.35,434108000.0,1594051706.74,579272600.0,1216401996.16,237253333.333,699859999.057,123642333.333,227371137.783,144702666.667,531350568.912,193090866.667,405467332.052,North Marin Water District,2016-09-15,30,61299,0.82,290500000.0,204307465.0,4.77791,238210000.0,585320039.329,CA2110003,"$75,000 to $99,999",0.562394371733,9.0,$75k to 99.9k,7,62,2017,4,"5/8""",1,2000,14,No,2000,No,Summer,granted,3,Medium,1,city_delivered,inside_city,potable,C1,10,2,False,0.3,Turbine,1,1,No,no,1996,North Marin Water District,2017-06-01,Bi-Monthly,ccf,0,15.75,,0.0,15.75,1.0
57,CA2710009,82891943.3534,118897135.553,48603998.7,85692861.6364,67872766.795,109192715.123,62499607.04,99119035.5336,27630647.7845,39632378.5178,16201332.9,28564287.2121,22624255.5983,36397571.7077,20833202.3467,33039678.5112,California Water Service Company King City,2016-09-15,30,15119,0.52,34540251.0,4095933.0,5.342,17960930.52,35799065.1467,CA2710009,"$35,000 to $39,999",0.540292275574,4.0,$35k to 39.9k,7,31,2017,4,"3/4""",1,2000,7,No,2000,No,Summer,granted,3,Medium,1,city_delivered,inside_city,potable,C1,10,2,False,0.3,Turbine,1,1,No,no,371,California Water Service Company King City,2017-04-15,monthly,ccf,Tiered,27.91,,46.98,74.89,0.37
58,CA2710010,837406755.312,868051608.614,490185144.36,690471271.986,632043683.462,835662945.143,634035189.57,762564960.353,279135585.104,289350536.205,163395048.12,230157090.662,210681227.821,278554315.048,211345063.19,254188320.118,California Water Service Company Salinas District,2016-09-15,30,122151,0.52,466847339.0,34305224.0,3.89517,242760616.28,267826990.967,CA2710010,"$50,000 to $59,999",0.546910350679,7.0,$50k to 59.9k,7,31,2017,4,"3/4""",1,2000,7,No,2000,No,Summer,granted,3,Medium,1,city_delivered,inside_city,potable,C1,10,2,False,0.3,Turbine,1,1,No,no,304,California Water Service Company Salinas District,2017-04-15,monthly,ccf,Tiered,27.91,,46.98,74.89,0.37
59,CA3010004,950120034.732,1024435038.13,647978372.33,679952154.491,869392201.046,936826469.413,791177691.77,831558597.812,316706678.244,341478346.044,215992790.777,226650718.164,289797400.349,312275489.804,263725897.257,277186199.271,Mesa Water District,2016-09-15,30,110000,0.59,482976985.0,49528458.0,4.96858,284956421.15,303558708.501,CA3010004,"$60,000 to $74,999",0.525606677315,8.0,$60k to 74.9k,7,62,2017,4,"3/4""",1,2000,14,No,2000,No,Summer,granted,3,Medium,1,city_delivered,inside_city,potable,C1,10,2,False,0.3,Turbine,1,1,No,no,1818,Mesa Water District,2014-01-01,Bi-Monthly,ccf,Uniform,17.25,3.62,54.3,71.55,0.24
60,CA3010010,1490858875.25,1739440347.15,863135299.83,982835025.222,1227344857.92,1551861219.26,1302892296.42,1308938239.68,496952958.416,579813449.049,287711766.61,327611675.074,409114952.639,517287073.085,434297432.14,436312746.559,Fullerton  City of,2016-09-15,30,138000,0.62,782577821.0,111557452.0,4.88159,485198249.02,497810560.086,CA3010010,"$60,000 to $74,999",0.552717525959,8.0,$60k to 74.9k,7,62,2017,4,"3/4""",1,2000,14,No,2000,No,Summer,granted,3,Medium,1,city_delivered,inside_city,potable,C1,10,2,False,0.3,Turbine,1,1,No,no,0,City of Fullerton ,2017-07-01,Bi-Monthly,ccf,Tiered,7.39,,46.85,54.24,0.14
61,CA3010010,1490858875.25,1739440347.15,863135299.83,982835025.222,1227344857.92,1551861219.26,1302892296.42,1308938239.68,496952958.416,579813449.049,287711766.61,327611675.074,409114952.639,517287073.085,434297432.14,436312746.559,Fullerton  City of,2016-09-15,30,138000,0.62,782577821.0,111557452.0,4.88159,485198249.02,497810560.086,CA3010010,"$60,000 to $74,999",0.552717525959,8.0,$60k to 74.9k,7,62,2017,4,"3/4""",1,2000,14,No,2000,No,Summer,granted,3,Medium,1,city_delivered,inside_city,potable,C1,10,2,False,0.3,Turbine,1,1,No,no,1105,Fullerton City of,2017-07-01,Bi-Monthly,ccf,Tiered,7.39,,51.92,59.31,0.12
62,CA3010017,169810747.889,332730808.174,128720209.05,164528974.351,126839715.936,287051317.691,162928288.33,238270566.465,56603582.6295,110910269.391,42906736.35,54842991.4502,42279905.312,95683772.5636,54309429.4433,79423522.1549,Laguna Beach County Water District,2016-09-15,30,19121,0.59,97625088.0,24610742.0,5.04731,57598801.92,93161799.9252,CA3010017,"$75,000 to $99,999",0.528896672504,9.0,$75k to 99.9k,7,62,2017,4,"3/4""",1,2000,14,No,2000,No,Summer,granted,3,Medium,1,city_delivered,inside_city,potable,C1,10,2,False,0.3,Turbine,1,1,No,no,1501,Laguna Beach County Water District,2017-11-01,Bi-Monthly,ccf,Budget,16.18,,62.55,78.73,0.21
63,CA3010023,810193077.876,1487370131.13,495926548.81,665408095.942,657217237.699,1264644683.12,681000547.18,1022702839.13,270064359.292,495790043.71,165308849.603,221802698.647,219072412.566,421548227.707,227000182.393,340900946.377,Newport Beach  City of,2016-09-15,30,66550,0.59,432303830.0,119899094.0,5.02165,255059259.7,408444777.551,CA3010023,"$100,000 to $124,999",0.542806955016,10.0,$100k to 124.9k,7,31,2017,4,"3/4""",1,2000,7,No,2000,No,Summer,granted,3,Medium,1,city_delivered,inside_city,potable,C1,10,2,False,0.3,Turbine,1,1,No,no,1973,Newport Beach  City Of,2017-01-01,Monthly,ccf,Uniform,17.25,3.08,46.2,63.45,0.27
64,CA3010037,1294330680.59,1313921033.48,599408327.22,648163392.117,1018829946.43,1123059061.51,1055279165.98,929582868.651,431443560.196,437973677.827,199802775.74,216054464.039,339609982.143,374353020.503,351759721.993,309860956.217,Yorba Linda Water District,2016-09-15,30,78539,0.74,537358330.0,94344157.0,5.04863,397645164.2,365838485.712,CA3010037,"$100,000 to $124,999",0.548325358852,10.0,$100k to 124.9k,7,31,2017,4,"3/4""",1,2000,7,No,2000,No,Summer,granted,3,Medium,1,city_delivered,inside_city,potable,C1,10,2,False,0.3,Turbine,1,1,No,no,3263,Yorba Linda Water District,2016-08-01,Monthly,ccf,Uniform,19.45,2.7,40.5,59.95,0.32
65,CA3010053,1846672538.75,2585083306.41,1217424595.61,1440741490.29,1569991472.97,2323202448.42,1463581887.09,1943550384.86,615557512.917,861694435.47,405808198.537,480247163.431,523330490.989,774400816.141,487860629.03,647850128.287,Huntington Beach  City of,2016-09-15,30,196041,0.68,827858135.0,175261560.0,4.83346,562943531.8,743639040.94,CA3010053,"$75,000 to $99,999",0.583455193998,9.0,$75k to 99.9k,7,31,2017,4,"3/4""",1,2000,7,No,2000,No,Summer,granted,3,Medium,1,city_delivered,inside_city,potable,C1,10,2,False,0.3,Turbine,1,1,No,no,1376,Huntington Beach City of,2017-03-04,monthly,ccf,Uniform,11.53,1.9892,29.84,41.37,0.28
66,CA3010062,871172588.073,1027111870.84,1130368173.16,1064823746.62,1069767628.03,1431670332.67,1298121701.52,1272531168.47,435586294.037,513555935.418,376789391.053,354941248.873,356589209.343,477223444.222,432707233.84,424177056.158,Garden Grove  City of,2016-09-15,30,177020,0.63,681648600.0,70481447.0,4.83565,429438618.0,461131510.156,CA3010062,"$60,000 to $74,999",0.607757870934,8.0,$60k to 74.9k,7,62,2017,4,"3/4""",1,2000,14,No,2000,No,Summer,granted,3,Medium,1,city_delivered,inside_city,potable,C1,10,2,False,0.3,Turbine,1,1,No,no,1117,Garden Grove City of,2016-07-01,bimonthly,ccf,Tiered,7.11,,43.8,50.91,0.14
67,CA3010073,1884373060.08,3071651635.06,1033546700.39,1504970771.14,1576913143.81,2649012506.37,1530688935.51,2197784953.35,628124353.359,1023883878.35,344515566.797,501656923.713,525637714.603,883004168.791,510229645.17,732594984.449,Moulton Niguel Water District,2016-09-15,30,172068,0.72,771860568.0,229775926.0,5.06017,555739608.96,860614002.744,CA3010073,"$100,000 to $124,999",0.606778668662,10.0,$100k to 124.9k,7,31,2017,4,"3/4""",1,2000,7,No,2000,No,Summer,granted,3,Medium,1,city_delivered,inside_city,potable,C1,10,2,False,0.3,Turbine,1,1,No,no,147,Moulton Niguel Water District,2016-01-01,monthly,ccf,Budget,11.39,,23.4,34.79,0.33
68,CA3010079,514760538.828,612625415.154,278179754.57,349574426.117,427761928.065,540334417.568,391745103.03,463474840.201,171586846.276,204208471.718,92726584.8567,116524808.706,142587309.355,180111472.523,130581701.01,154491613.4,El Toro Water District,2016-09-15,30,48628,0.66,219232840.0,38378458.0,4.99331,144693674.4,175287426.906,CA3010079,"$50,000 to $59,999",0.524202905277,7.0,$50k to 59.9k,7,31,2017,4,"3/4""",1,2000,7,No,2000,No,Summer,granted,3,Medium,1,city_delivered,inside_city,potable,C1,10,2,False,0.3,Turbine,1,1,No,no,967,El Toro Water District,2017-07-01,Monthly,ccf,Budget,20.48,,40.14,60.62,0.34
69,CA3010101,1522819884.4,2728222539.48,883477162.244,1350012005.4,1210762237.09,2356456433.0,1448475741.18,1970302840.34,507606628.135,909407513.162,294492387.415,450004001.801,403587412.362,785485477.666,482825247.06,656767613.446,Santa Margarita Water District,2016-09-15,30,159024,0.69,776112929.0,196747278.0,5.1553,535517921.01,765478056.168,CA3010101,"$100,000 to $124,999",0.532009072286,10.0,$100k to 124.9k,7,31,2017,4,"3/4""",1,2000,7,No,2000,No,Summer,granted,3,Medium,1,city_delivered,inside_city,potable,C1,10,2,False,0.3,Turbine,1,1,No,no,200,Santa Margarita Water District,2017-01-01,monthly,ccf,Budget,21.79,,26.67,89.42,0.24
70,CA3110005,2077705024.14,4952410370.44,634146744.67,1107182885.02,1028241294.12,3121728067.28,1231761362.62,2534694590.17,692568341.38,1650803456.81,211382248.223,369060961.672,342747098.04,1040576022.43,410587120.873,844898196.724,Placer County Water Agency,2016-09-15,30,98128,0.57,944206053.0,395521925.0,5.85088,538197450.21,1309730254.99,CA3110005,"$60,000 to $74,999",0.502165453866,8.0,$60k to 74.9k,7,62,2017,4,"3/4""",1,2000,14,No,2000,No,Summer,granted,3,Medium,1,city_delivered,inside_city,potable,C1,10,2,False,0.3,Turbine,1,1,No,no,2202,Placer County Water Agency,2017-01-01,Bi-Monthly,ccf,Tiered,16.82,,24.85,41.67,0.4
71,CA3310001,7356848225.13,7882856219.84,3556290337.89,3114298343.11,5208648253.77,6592457941.28,5979156667.86,4778794450.76,2452282741.71,2627618739.95,1185430112.63,1038099447.7,1736216084.59,2197485980.43,1993052222.62,1592931483.59,Coachella Valley Water District,2016-09-15,30,318217,0.7,3150364181.0,440416280.0,6.78216,2205254926.7,2006596994.07,CA3310001,"$50,000 to $59,999",0.545870831728,7.0,$50k to 59.9k,7,31,2017,4,"3/4""",1,2000,7,No,2000,No,Summer,granted,3,Medium,1,city_delivered,inside_city,potable,C1,10,2,False,0.3,Turbine,1,1,No,no,661,Coachella Valley Water District,2016-07-01,monthly,ccf,Budget,6.92,,16.84,23.76,0.29
72,CA3310005,2196565475.21,1858104085.96,955560294.64,868610565.146,1328488473.81,1548911497.57,1822367928.09,1207415068.2,732188491.735,619368028.652,318520098.213,289536855.049,442829491.269,516303832.525,607455976.03,402471689.399,Desert Water Agency,2016-09-15,30,105872,0.7,1068218182.0,97854425.0,6.25325,747752727.4,478195258.833,CA3310005,"$40,000 to $44,999",0.50807246267,5.0,$40k to 44.9k,7,31,2017,4,"3/4""",1,2000,7,No,2000,No,Summer,granted,3,Medium,1,city_delivered,inside_city,potable,C1,10,2,False,0.3,Turbine,1,1,No,no,832,Desert Water Agency,2017-01-01,monthly,ccf,Uniform,14.41,1.57,23.55,40.36,0.36
73,CA3310031,4080150989.31,5193166982.75,1709364449.8,2484357319.85,2965851723.22,4340921201.82,3059366911.95,3548377557.92,1360050329.77,1731055660.92,569788149.933,828119106.617,988617241.075,1446973733.94,1019788970.65,1182792519.31,Riverside  City of,2016-09-15,30,301550,0.6,1985738596.0,335572996.0,5.37806,1191443157.6,1392704426.61,CA3310031,"$50,000 to $59,999",0.53908456895,7.0,$50k to 59.9k,7,31,2017,4,"3/4""",1,2000,7,No,2000,No,Summer,granted,3,Medium,1,city_delivered,inside_city,potable,C1,10,2,False,0.3,Turbine,1,1,No,no,167,Riverside City of,2014-04-22,monthly,ccf,Tiered,13.99,,17.1,31.09,0.45
74,CA3410001,2749632040.0,2818825253.5,991753510.0,1169890332.05,1516620870.0,2097859420.04,1572927260.0,1711696025.67,916544013.333,939608417.835,330584503.333,389963444.017,505540290.0,699286473.347,524309086.667,570565341.89,Sacramento Suburban Water District,2016-09-15,30,176412,0.67,1093240000.0,166205292.0,5.54079,732470800.0,747850475.451,CA3410001,"$45,000 to $49,999",0.534687801033,6.0,$45k to 49.9k,7,31,2017,4,"3/4""",1,2000,7,No,2000,No,Summer,granted,3,Medium,1,city_delivered,inside_city,potable,C1,10,2,False,0.3,Turbine,1,1,No,no,251,Sacramento Suburban Water District,2017-01-01,monthly,ccf,Uniform,5.91,9.03,135.45,141.36,0.04
75,CA3410016,461936758.458,565519513.481,109603027.85,154628100.394,202531813.972,370612848.671,236787173.06,291656035.4,153978919.486,188506504.494,36534342.6167,51542700.1314,67510604.6573,123537616.224,78929057.6867,97218678.4665,Orange Vale Water Company,2016-09-15,30,16797,0.84,142869558.0,42261932.0,5.48663,120010428.72,142725339.649,CA3410016,"$60,000 to $74,999",0.535902851109,8.0,$60k to 74.9k,7,31,2017,4,"3/4""",1,2000,7,No,2000,No,Summer,granted,3,Medium,1,city_delivered,inside_city,potable,C1,10,2,False,0.3,Turbine,1,1,No,no,0,Orange Vale Water Company,2016-01-01,Monthly,ccf,Tiered,24.19,,9.9,34.09,0.71
76,CA3610005,161527861.711,1385784564.61,63531774.56,460222762.11,82906637.9493,1095991367.72,109047320.36,767677524.998,53842620.5703,461928188.202,21177258.1867,153407587.37,27635545.9831,365330455.907,36349106.7867,255892508.333,Lake Arrowhead Community Services District,2016-09-15,30,20970,0.9,60269480.0,114171152.0,5.39167,54242532.0,339924794.852,CA3610005,"$60,000 to $74,999",0.575982667905,8.0,$60k to 74.9k,7,31,2017,4,"3/4""",1,2000,7,No,2000,No,Summer,granted,3,Medium,1,city_delivered,inside_city,potable,C1,10,2,False,0.3,Turbine,1,1,No,no,1514,Lake Arrowhead Community Services District,2017-01-01,Monthly,ccf,Tiered,38.23,,40.73,78.96,0.48
77,CA3610018,3046855919.33,2948169511.6,1376998383.04,1502141672.7,1993207161.68,2488534901.26,2166246034.08,2068237550.6,1015618639.78,982723170.535,458999461.013,500713890.899,664402387.226,829511633.753,722082011.36,689412516.868,Cucamonga Valley Water District,2016-09-15,30,204189,0.56,1419408816.0,176249942.0,5.3501,794868936.96,804617438.088,CA3610018,"$75,000 to $99,999",0.61750685159,9.0,$75k to 99.9k,7,62,2017,4,"3/4""",1,2000,14,No,2000,No,Summer,granted,3,Medium,1,city_delivered,inside_city,potable,C1,10,2,False,0.3,Turbine,1,1,No,no,764,Cucamonga Valley Water District,2016-07-01,bimonthly,ccf,Tiered,17.82,,29.3,47.12,0.38
78,CA3610029,595579246.938,507921029.335,302702942.08,332411148.363,442807585.266,455299690.533,434828656.64,403388085.462,198526415.646,169307009.778,100900980.693,110803716.121,147602528.422,151766563.511,144942885.547,134462695.154,Monte Vista Water District,2016-09-15,30,55995,0.64,253492859.0,21701983.0,5.08487,162235429.76,147126224.099,CA3610029,"$50,000 to $59,999",0.555802114606,7.0,$50k to 59.9k,7,62,2017,4,"3/4""",1,2000,14,No,2000,No,Summer,granted,3,Medium,1,city_delivered,inside_city,potable,C1,10,2,False,0.3,Turbine,1,1,No,no,229,Monte Vista Water District,2017-01-01,bimonthly,ccf,Budget,19.07,,40.17,59.25,0.32
79,CA3610034,1753436963.21,1757792764.96,957015214.04,1068783016.7,1372202719.78,1552683841.24,1379922139.85,1349138858.58,584478987.737,585930921.654,319005071.347,356261005.568,457400906.594,517561280.414,459974046.617,449712952.859,Ontario  City of,2016-09-15,30,169869,0.53,980812795.0,85223472.0,5.28402,519830781.35,503643825.137,CA3610034,"$50,000 to $59,999",0.546326611474,7.0,$50k to 59.9k,7,31,2017,4,"3/4""",1,2000,7,No,2000,No,Summer,granted,3,Medium,1,city_delivered,inside_city,potable,C1,10,2,False,0.3,Turbine,1,1,No,no,0,Ontario  City Of San Bernardino,2017-09-01,Monthly,ccf,Tiered,0.0,,37.0,37.0,0.0
80,CA3610037,1770640158.96,2007047503.29,596628748.74,816169268.762,1255514997.92,1601072634.59,1323123629.82,1276802510.46,590213386.319,669015834.429,198876249.58,272056422.921,418504999.307,533690878.198,441041209.94,425600836.819,Redlands  City of,2016-09-15,30,85276,0.69,753726936.0,137309034.0,5.57421,520071585.84,520338537.645,CA3610037,"$60,000 to $74,999",0.589409215899,8.0,$60k to 74.9k,7,62,2017,4,"3/4""",1,2000,14,No,2000,No,Summer,granted,3,Medium,1,city_delivered,inside_city,potable,C1,10,2,False,0.3,Turbine,1,1,No,no,307,Redlands City of,2016-07-01,bimonthly,ccf,Tiered,17.68,,20.71,38.39,0.46
81,CA3610038,623953379.062,660135559.933,317595199.4,368065564.183,489802040.993,565651034.74,483529302.9,481914295.712,207984459.687,220045186.644,105865066.467,122688521.394,163267346.998,188550344.913,161176434.3,160638098.571,Rialto  City of,2016-09-15,30,54453,0.7,255793370.0,34825363.0,5.41886,179055359.0,183449478.207,CA3610038,"$45,000 to $49,999",0.513636708957,6.0,$45k to 49.9k,7,31,2017,4,"3/4""",1,2000,7,No,2000,No,Summer,granted,3,Medium,1,city_delivered,inside_city,potable,C1,10,2,False,0.3,Turbine,1,1,No,no,0,Rialto Water Services,2017-01-01,Monthly,ccf,Tiered,30.25,,22.87,53.12,0.57
82,CA3610039,2538569602.65,2747544711.43,1312081466.86,1421256170.5,2006186238.56,2308638551.49,1961635480.05,1924414918.59,846189867.551,915848237.143,437360488.953,473752056.833,668728746.188,769546183.829,653878493.35,641471639.531,San Bernardino  City of,2016-09-15,30,199634,0.62,1223862442.0,151790346.0,5.5351,758794714.04,746122773.096,CA3610039,"$35,000 to $39,999",0.515462485113,4.0,$35k to 39.9k,7,31,2017,4,"3/4""",1,2000,7,No,2000,No,Summer,granted,3,Medium,1,city_delivered,inside_city,potable,C1,10,2,False,0.3,Turbine,1,1,No,no,2503,San Bernardino City of,2016-10-01,monthly,ccf,Uniform,20.15,1.15,17.25,41.9,0.48
83,CA3610041,2520840730.61,2843916511.09,1237779231.0,1537981862.58,1911568294.32,2424532674.25,1956640063.95,1979056091.83,840280243.536,947972170.363,412593077.0,512660620.861,637189431.441,808177558.085,652213354.65,659685363.944,San Gabriel Valley Fontana Water Company,2016-09-15,30,209035,0.65,1124839126.0,155956171.0,5.3899,731145431.9,761839480.372,CA3610041,"$50,000 to $59,999",0.521143249299,7.0,$50k to 59.9k,7,31,2017,4,"3/4""",1,2000,7,No,2000,No,Summer,granted,3,Medium,1,city_delivered,inside_city,potable,C1,10,2,False,0.3,Turbine,1,1,No,no,0,Fontana Water Company,2017-09-15,Monthly,ccf,Tiered,25.53,,49.8,75.33,0.34
84,CA3610041,2520840730.61,2843916511.09,1237779231.0,1537981862.58,1911568294.32,2424532674.25,1956640063.95,1979056091.83,840280243.536,947972170.363,412593077.0,512660620.861,637189431.441,808177558.085,652213354.65,659685363.944,San Gabriel Valley Fontana Water Company,2016-09-15,30,209035,0.65,1124839126.0,155956171.0,5.3899,731145431.9,761839480.372,CA3610041,"$50,000 to $59,999",0.521143249299,7.0,$50k to 59.9k,7,31,2017,4,"3/4""",1,2000,7,No,2000,No,Summer,granted,3,Medium,1,city_delivered,inside_city,potable,C1,10,2,False,0.3,Turbine,1,1,No,no,18,San Gabriel Valley Fontana Water Company,2017-01-07,monthly,ccf,Uniform,20.57,2.7772,41.66,62.23,0.33
85,CA3610120,240317447.691,1110648349.37,99267521.99,340915614.477,140336030.738,845318964.061,163383338.82,619540347.269,80105815.8971,370216116.458,33089173.9967,113638538.159,46778676.9127,281772988.02,54461112.94,206513449.09,Phelan Pinon Hills Community Services District,2016-09-15,30,20913,0.82,87285822.0,82702609.0,5.75235,71574374.04,270470689.029,CA3610120,"$45,000 to $49,999",0.517593198169,6.0,$45k to 49.9k,7,31,2017,4,"3/4""",1,2000,7,No,2000,No,Summer,granted,3,Medium,1,city_delivered,inside_city,potable,C1,10,2,False,0.3,Turbine,1,1,No,no,2160,Phelan Pinon Hills Community Services District,2017-07-01,Monthly,ccf,Tiered,17.9,,39.33,57.23,0.31
86,CA3710005,941252476.924,4602618147.3,533826100.15,1738692180.21,784392116.267,3875075492.35,803856570.64,3050183509.59,313750825.641,1534206049.1,177942033.383,579564060.07,261464038.756,1291691830.78,267952190.213,1016727836.53,Carlsbad Municipal Water District,2016-09-15,30,86596,0.6,443320866.0,462624938.0,4.72544,265992519.6,1227192167.96,CA3710005,"$75,000 to $99,999",0.536262338596,9.0,$75k to 99.9k,7,31,2017,4,"3/4""",1,2000,7,No,2000,No,Summer,granted,3,Medium,1,city_delivered,inside_city,potable,C1,10,2,False,0.3,Turbine,1,1,No,no,547,Carlsbad Municipal Water District,2017-01-01,Monthly,ccf,Tiered,32.54,,61.25,93.79,0.35
87,CA3710006,1112323498.54,2240662684.35,676724658.99,1159953066.29,785334524.213,1945668648.19,1023010881.16,1635585648.94,370774499.515,746887561.451,225574886.33,386651022.095,261778174.738,648556216.062,341003627.053,545195216.313,Escondido  City of,2016-09-15,30,137941,0.62,633259663.0,167576108.0,4.75585,392620991.06,622898199.283,CA3710006,"$50,000 to $59,999",0.574999239821,7.0,$50k to 59.9k,7,31,2017,4,"3/4""",1,2000,7,No,2000,No,Summer,granted,3,Medium,1,city_delivered,inside_city,potable,C1,10,2,False,0.3,Turbine,1,1,No,no,977,Escondido City of,2016-03-01,monthly,ccf,Tiered,30.11,,90.24,120.35,0.25
88,CA3710010,2245246672.6,4757904362.23,1404080765.17,2409747468.55,1796614427.91,4161477130.25,2034355629.6,3438465136.94,748415557.534,1585968120.74,468026921.723,803249156.185,598871475.969,1387159043.42,678118543.2,1146155045.65,Helix Water District,2016-09-15,30,271759,0.8,889900247.0,370951989.0,4.68341,711920197.6,1310113196.38,CA3710010,"$50,000 to $59,999",0.550712813466,7.0,$50k to 59.9k,7,62,2017,4,"3/4""",1,2000,14,No,2000,No,Summer,granted,3,Medium,1,city_delivered,inside_city,potable,C1,10,2,False,0.3,Turbine,1,1,No,no,1306,Helix Water District,2017-01-01,Bi-Monthly,ccf,Tiered,23.54,,72.62,96.16,0.24
89,CA3710014,1386101260.7,5893173796.22,802611817.77,2380606208.78,1080648002.69,4935166286.99,1143956829.68,3978624392.56,462033753.566,1964391265.41,267537272.59,793535402.927,360216000.896,1645055429.0,381318943.227,1326208130.85,Oceanside  City of,2016-09-15,30,175948,0.58,702568262.0,528781455.0,4.92639,407489591.96,1582386101.36,CA3710014,"$50,000 to $59,999",0.509560715046,7.0,$50k to 59.9k,7,31,2017,4,"3/4""",1,2000,7,No,2000,No,Summer,granted,3,Medium,1,city_delivered,inside_city,potable,C1,10,2,False,0.3,Turbine,1,1,No,no,2030,City of Oceanside,2017-01-01,Monthly,ccf,Tiered,15.2,,37.97,53.17,0.29
90,CA3710014,1386101260.7,5893173796.22,802611817.77,2380606208.78,1080648002.69,4935166286.99,1143956829.68,3978624392.56,462033753.566,1964391265.41,267537272.59,793535402.927,360216000.896,1645055429.0,381318943.227,1326208130.85,Oceanside  City of,2016-09-15,30,175948,0.58,702568262.0,528781455.0,4.92639,407489591.96,1582386101.36,CA3710014,"$50,000 to $59,999",0.509560715046,7.0,$50k to 59.9k,7,31,2017,4,"3/4""",1,2000,7,No,2000,No,Summer,granted,3,Medium,1,city_delivered,inside_city,potable,C1,10,2,False,0.3,Turbine,1,1,No,no,387,Oceanside City of,2017-01-01,monthly,ccf,Tiered,20.19,,37.97,58.16,0.35
91,CA3710020,8496800177.39,33600639517.0,5334044485.32,15114208495.2,7153797851.2,29149479601.0,7798026748.5,23439389879.5,2832266725.8,11200213172.3,1778014828.44,5038069498.41,2384599283.73,9716493200.32,2599342249.5,7813129959.84,San Diego  City of,2016-09-15,30,1339958,0.54,4955320406.0,3152063601.0,4.46699,2675873019.24,9194728046.18,CA3710020,"$60,000 to $74,999",0.536876827887,8.0,$60k to 74.9k,7,31,2017,4,"3/4""",1,2000,7,No,2000,No,Summer,granted,3,Medium,1,city_delivered,inside_city,potable,C1,10,2,False,0.3,Turbine,1,1,No,no,268,San Diego City of,2016-08-01,monthly,ccf,Tiered,23.92,,79.99,103.91,0.23
92,CA3710023,900714604.296,1650682326.03,271900466.88,594539952.882,508056466.03,1389725883.36,719734114.949,1069415719.67,300238201.432,550227442.01,90633488.96,198179984.294,169352155.343,463241961.119,239911371.65,356471906.558,Santa Fe Irrigation District,2016-09-15,30,19839,0.84,321419848.0,178412041.0,4.53713,269992672.32,434235747.297,CA3710023,"$100,000 to $124,999",0.599320882852,10.0,$100k to 124.9k,7,62,2017,4,"3/4""",1,2000,14,No,2000,No,Summer,granted,3,Medium,1,city_delivered,inside_city,potable,C1,10,2,False,0.3,Turbine,1,1,No,no,2575,Santa Fe Irrigation District,2017-07-01,Bi-Monthly,ccf,Tiered,40.52,,38.25,78.78,0.51
93,CA3710025,1153138140.58,1407909803.64,836618977.11,1079312384.56,1028107562.19,1331359763.91,1062608020.6,1227652558.37,384379380.192,469303267.879,278872992.37,359770794.853,342702520.73,443786587.97,354202673.533,409217519.456,Sweetwater Authority,2016-09-15,30,188886,0.7,516018320.0,50669405.0,4.62382,361212824.0,427867859.281,CA3710025,"$45,000 to $49,999",0.532093023256,6.0,$45k to 49.9k,7,31,2017,4,"3/4""",1,2000,7,No,2000,No,Summer,granted,3,Medium,1,city_delivered,inside_city,potable,C1,10,2,False,0.3,Turbine,1,1,No,no,358,Sweetwater Authority,2017-03-04,monthly,ccf,Tiered,21.8,5.93,62.35,89.89,0.24
94,CA3910001,1524079951.87,2282375567.95,735993449.56,1102330109.44,946600024.692,1810880798.82,977615867.21,1488244339.09,508026650.624,760791855.985,245331149.853,367443369.812,315533341.564,603626932.941,325871955.737,496081446.364,California Water Service Company Stockton,2016-09-15,30,171265,0.55,749816719.0,120049879.0,5.7088,412399195.45,622516261.621,CA3910001,"$30,000 to $34,999",0.51823423985,3.0,$30k to 34.9k,7,31,2017,4,"3/4""",1,2000,7,No,2000,No,Summer,granted,3,Medium,1,city_delivered,inside_city,potable,C1,10,2,False,0.3,Turbine,1,1,No,no,102,California Water Service Company Stockton,2017-01-01,monthly,ccf,Tiered,26.31,,46.72,73.03,0.36
95,CA3910011,1248600007.03,1132154992.34,546396828.27,563293588.169,796949429.248,905355998.631,840319982.51,748437472.5,416200002.345,377384997.448,182132276.09,187764529.39,265649809.749,301785332.877,280106660.837,249479157.5,Tracy  City of,2016-09-15,30,88208,0.64,542000083.0,55017760.0,6.09338,346880053.12,311824282.741,CA3910011,"$75,000 to $99,999",0.640117593849,9.0,$75k to 99.9k,7,31,2017,4,"3/4""",1,2000,7,No,2000,No,Summer,granted,3,Medium,1,city_delivered,inside_city,potable,C1,10,2,False,0.3,Turbine,1,1,No,no,2924,Tracy  City Of,2008-04-01,Monthly,ccf,Tiered,11.7,,15.0,26.7,0.44
96,CA3910012,2364818300.0,2380517098.17,878603700.0,1141222488.03,1373431100.0,1881791603.86,1570250200.0,1549405467.41,788272766.667,793505699.391,292867900.0,380407496.01,457810366.667,627263867.953,523416733.333,516468489.136,Stockton  City of,2016-09-15,30,177808,0.71,976970000.0,125704310.0,5.73281,693648700.0,650820107.004,CA3910012,"$50,000 to $59,999",0.518402026953,7.0,$50k to 59.9k,7,31,2017,4,"3/4""",1,2000,7,No,2000,No,Summer,granted,3,Medium,1,city_delivered,inside_city,potable,C1,10,2,False,0.3,Turbine,1,1,No,no,22,Stockton City of,2016-08-01,monthly,ccf,Tiered,28.0,,30.0,58.23,0.48
97,CA4010009,274119906.152,557754887.959,184290487.8,325909834.987,224851170.39,501861717.624,234751840.2,433034950.426,91373302.0508,185918295.986,61430162.6,108636611.662,74950390.13,167287239.208,78250613.4,144344983.475,San Luis Obispo  City of,2016-09-15,30,46117,0.6,138558544.0,36782780.0,4.85886,83135126.4,164739349.702,CA4010009,"$40,000 to $44,999",0.517418728772,5.0,$40k to 44.9k,7,31,2017,4,"3/4""",1,2000,7,No,2000,No,Summer,granted,3,Medium,1,city_delivered,inside_city,potable,C1,10,2,False,0.3,Turbine,1,1,No,no,0,City of San Luis Obispo,2017-07-01,Monthly,ccf,Tiered,12.33,,121.72,134.05,0.09
98,CA4010014,25362280.8669,324696400.185,20464707.58,112010975.971,22525884.311,263110423.095,22638723.13,201073076.436,8454093.62232,108232133.395,6821569.19333,37336991.9902,7508628.10368,87703474.365,7546241.04333,67024358.8118,Cambria Community Services District,2016-09-15,30,6032,0.55,14881635.0,30719532.0,5.09719,8184899.25,87618112.4923,CA4010014,"$50,000 to $59,999",0.514857881137,7.0,$50k to 59.9k,7,62,2017,4,"3/4""",1,2000,14,No,2000,No,Summer,granted,3,Medium,1,city_delivered,inside_city,potable,C1,10,2,False,0.3,Turbine,1,1,No,no,0,Cambria Community Services District,2017-03-01,Bi-Monthly,ccf,Tiered,13.26,,135.65,148.91,0.09
99,CA4110001,261129525.177,452433207.96,143131586.4,204027567.023,182985101.286,370083336.144,191935917.9,295742811.802,87043175.0589,150811069.32,47710528.8,68009189.0075,60995033.762,123361112.048,63978639.3,98580937.2674,Mid-Peninsula Water District,2016-09-15,30,26924,0.9,83012073.0,34988392.0,4.78379,74710865.7,127443651.404,CA4110001,"$100,000 to $124,999",0.529053466112,10.0,$100k to 124.9k,7,31,2017,4,"5/8""",1,2000,7,No,2000,No,Summer,granted,3,Medium,1,city_delivered,inside_city,potable,C1,10,2,False,0.3,Turbine,1,1,No,no,1827,Mid-Peninsula Water District,2017-07-01,Monthly,ccf,Tiered,24.0,,129.3,153.3,0.16
100,CA4110003,208413006.88,389162247.106,150826750.73,204854885.425,160120563.728,327002365.407,200196214.16,273510770.572,69471002.2933,129720749.035,50275583.5767,68284961.8084,53373521.2427,109000788.469,66732071.3867,91170256.8574,Burlingame  City of,2016-09-15,30,31109,0.64,116289797.0,25686124.0,4.79834,74425470.08,112462225.092,CA4110003,"$100,000 to $124,999",0.564135087997,10.0,$100k to 124.9k,7,62,2017,4,"3/4""",1,2000,14,No,2000,No,Summer,granted,3,Medium,1,city_delivered,inside_city,potable,C1,10,2,False,0.3,Turbine,1,1,No,no,345,Burlingame City Of,2017-01-01,Bi-Monthly,ccf,Tiered,36.36,,164.32,200.68,0.18
101,CA4110006,1260543667.48,3125802389.65,318129074.39,1015448234.87,619561488.358,2487329426.14,775776323.37,1841752069.41,420181222.495,1041934129.88,106043024.797,338482744.955,206520496.119,829109808.715,258592107.79,613917356.47,California Water Service Company Bear Gulch,2016-09-15,30,68864,0.89,413407705.0,331273225.0,4.53136,367932857.45,858180247.455,CA4110006,"$125,000 to $149,999",0.523537733548,11.0,$125k to 149.9k,7,31,2017,4,"3/4""",1,2000,7,No,2000,No,Summer,granted,3,Medium,1,city_delivered,inside_city,potable,C1,10,2,False,0.3,Turbine,1,1,No,no,324,California Water Service Company Bear Gulch,2017-01-01,monthly,ccf,Tiered,30.44,,103.15,133.59,0.23
102,CA4110017,132822919.646,622021287.621,66151228.64,197829393.307,82780675.7179,477366239.119,104446064.84,351909933.246,44274306.5486,207340429.207,22050409.5467,65943131.1025,27593558.5726,159122079.706,34815354.9467,117303311.082,Menlo Park  City of,2016-09-15,30,16066,0.43,103741340.0,58053244.0,4.85672,44608776.2,166355282.195,CA4110017,"$100,000 to $124,999",0.53191959355,10.0,$100k to 124.9k,7,31,2017,4,"3/4""",1,2000,7,No,2000,No,Summer,granted,3,Medium,1,city_delivered,inside_city,potable,C1,10,2,False,0.3,Turbine,1,1,No,no,1807,Menlo Park Municipal Water District  City Of,2017-07-01,Monthly,ccf,Tiered,22.49,,99.42,121.91,0.18
103,CA4110021,268065851.826,1962422988.16,175652703.35,579857367.862,285249353.123,1497551876.03,176274880.74,1087762002.54,89355283.9418,654140996.055,58550901.1167,193285789.287,95083117.7077,499183958.675,58758293.58,362587334.179,Estero Municipal Improvement District,2016-09-15,30,37339,0.54,133275927.0,195917135.0,4.78248,71969000.58,526346360.778,CA4110021,"$125,000 to $149,999",0.596726512366,11.0,$125k to 149.9k,7,62,2017,4,"3/4""",1,2000,14,No,2000,No,Summer,granted,3,Medium,1,city_delivered,inside_city,potable,C1,10,2,False,0.3,Turbine,1,1,No,no,982,Estero Municipal Improvement District,2017-07-01,Bi-Monthly,ccf,Tiered,9.93,,81.12,91.04,0.11
104,CA4110024,120883695.701,329167614.839,106251802.2,186506513.787,115712931.732,284343292.525,127476579.6,243169590.929,40294565.2336,109722538.28,35417267.4,62168837.9289,38570977.2441,94781097.5082,42492193.2,81056530.3095,"East Palo Alto, City of",2016-09-15,30,29143,0.9,54925714.0,20808448.0,4.8594,49433142.6,98239769.8168,CA4110024,"$50,000 to $59,999",0.528558951965,7.0,$50k to 59.9k,7,31,2017,4,"3/4""",1,2000,7,No,2000,No,Summer,granted,3,Medium,1,city_delivered,inside_city,potable,C1,10,2,False,0.3,Turbine,1,1,No,no,0,"East Palo Alto, City of",2017-07-01,Monthly,ccf,Tiered,22.6,,119.7,142.3,0.16
105,CA4210004,430064860.216,612496603.446,307276070.49,494064289.206,386167430.05,606675951.569,399948803.06,557295186.662,143354953.405,204165534.482,102425356.83,164688096.402,128722476.683,202225317.19,133316267.687,185765062.221,Goleta Water District,2016-09-15,30,86946,0.42,332042604.0,25132435.0,4.20913,139457893.68,195930600.321,CA4210004,"$60,000 to $74,999",0.512178726769,8.0,$60k to 74.9k,7,31,2017,4,"5/8""",1,2000,7,No,2000,No,Summer,granted,3,Medium,1,city_delivered,inside_city,potable,C1,10,2,False,0.3,Turbine,1,1,No,no,1215,Goleta Water District,2017-04-01,Monthly,ccf,Tiered,47.57,,82.83,130.4,0.36
106,CA4210016,494178388.584,468971005.918,217402206.95,265134116.424,351456929.889,427627213.541,391059185.8,345017251.027,164726129.528,156323668.639,72467402.3167,88378038.8079,117152309.963,142542404.514,130353061.933,115005750.342,Golden State Water Company Orcutt,2016-09-15,30,31872,0.82,184236397.0,37279697.0,4.25181,151073845.54,131207869.497,CA4210016,"$60,000 to $74,999",0.51355447045,8.0,$60k to 74.9k,7,31,2017,4,"3/4""",1,2000,7,No,2000,No,Summer,granted,3,Medium,1,city_delivered,inside_city,potable,C1,10,2,False,0.3,Turbine,1,1,No,no,0,Golden State Water Company Orcutt,2017-04-20,Monthly,ccf,Tiered,25.56,,42.45,68.01,0.38
107,CA4310001,1031867294.61,1467456221.65,340588383.7,636701114.634,579464753.393,1231714785.44,677358113.91,947068736.404,343955764.869,489152073.885,113529461.233,212233704.878,193154917.798,410571595.147,225786037.97,315689578.801,California Water Service Company Los Altos/Suburban,2016-09-15,30,69866,0.77,382516990.0,130841066.0,4.51718,294538082.3,408431092.671,CA4310001,"$150,000 to $199,999",0.618028260516,12.0,$150k to 199.9k,7,31,2017,4,"3/4""",1,2000,7,No,2000,No,Summer,granted,3,Medium,1,city_delivered,inside_city,potable,C1,10,2,False,0.3,Turbine,1,1,No,no,227,California Water Service Company Los Altos Suburban,2017-01-01,monthly,ccf,Tiered,26.82,,67.41,94.23,0.28
108,CA4310011,8370530000.0,10358332565.4,4287150000.0,6336794151.42,5581240000.0,9293735879.52,6090560000.0,7842218086.89,2790176666.67,3452777521.79,1429050000.0,2112264717.14,1860413333.33,3097911959.84,2030186666.67,2614072695.63,San Jose Water Company,2016-09-15,30,990000,0.7,3456500000.0,622425632.0,4.53622,2419550000.0,3033935961.79,CA4310011,"$75,000 to $99,999",0.54069575937,9.0,$75k to 99.9k,7,31,2017,4,"3/4""",1,2000,7,No,2000,No,Summer,granted,3,Medium,1,city_delivered,inside_city,potable,C1,10,2,False,0.3,Turbine,1,1,No,no,217,San Jose Water Company,2017-01-01,monthly,ccf,Tiered,25.02,,68.94,93.96,0.27
109,CA4310012,927999400.0,1091574156.14,547251000.0,724334285.169,721408000.0,990761816.955,703210000.0,853222192.498,309333133.333,363858052.047,182417000.0,241444761.723,240469333.333,330253938.985,234403333.333,284407397.499,Santa Clara  City of,2016-09-15,30,120973,0.5,577600000.0,52514783.0,4.73059,288800000.0,322824700.027,CA4310012,"$100,000 to $124,999",0.602802770555,10.0,$100k to 124.9k,7,31,2017,4,"3/4""",1,2000,7,No,2000,No,Summer,granted,3,Medium,1,city_delivered,inside_city,potable,C1,10,2,False,0.3,Turbine,1,1,No,no,236,Santa Clara City Of,2017-01-01,monthly,ccf,Tiered,25.26,,27.23,52.49,0.48
110,CA4810002,110642721.697,168644967.922,55011540.7,68624437.8799,74187800.0354,128581416.598,75354446.14,101719065.766,36880907.2324,56214989.3074,18337180.2333,22874812.6266,24729266.6785,42860472.1992,25118148.7133,33906355.2553,"California Water Service Company Dixon, City of",2016-09-15,30,10014,0.87,37342574.0,9838475.0,5.79873,32488039.38,44820227.4278,CA4810002,"$60,000 to $74,999",0.563904494382,8.0,$60k to 74.9k,7,31,2017,4,"3/4""",1,2000,7,No,2000,No,Summer,granted,3,Medium,1,city_delivered,inside_city,potable,C1,10,2,False,0.3,Turbine,1,1,No,no,181,"California Water Service Company Dixon, City of",2017-01-01,monthly,ccf,Tiered,38.03,,60.06,98.09,0.39
111,CA4810008,1326672151.59,1682245721.95,514633450.89,643100901.584,758248450.195,1255400629.38,852720599.7,987186391.339,442224050.53,560748573.983,171544483.63,214366967.195,252749483.398,418466876.459,284240199.9,329062130.446,Vacaville  City of,2016-09-15,30,90194,0.77,505069712.0,105053454.0,5.60943,388903678.24,441107938.25,CA4810008,"$60,000 to $74,999",0.514120645709,8.0,$60k to 74.9k,7,62,2017,4,"3/4""",1,2000,14,No,2000,No,Summer,granted,3,Medium,1,city_delivered,inside_city,potable,C1,10,2,False,0.3,Turbine,1,1,No,no,3053,City of Vacaville,2016-01-01,Bi-Monthly,ccf,Uniform,19.6,1.67,25.05,44.65,0.44
112,CA4910017,267291135.552,483827323.814,107746105.0,200840083.365,157575588.247,372909118.798,175767671.0,303065152.242,89097045.184,161275774.605,35915368.3333,66946694.4549,52525196.0822,124303039.599,58589223.6667,101021717.414,"Windsor, Town of",2016-09-15,30,27183,0.66,116492211.0,36431275.0,4.72982,76884859.26,130319383.068,CA4910017,"$75,000 to $99,999",0.624629707998,9.0,$75k to 99.9k,7,62,2017,4,"3/4""",1,2000,14,No,2000,No,Summer,granted,3,Medium,1,city_delivered,inside_city,potable,C1,10,2,False,0.3,Turbine,1,1,No,no,3226,Windsor  Town Of,2017-07-01,Bi-Monthly,ccf,Tiered,5.62,,76.06,81.68,0.07
113,CA5010005,4028398512.37,3504233088.89,1598929070.08,1513189373.18,2537822281.83,2667016427.97,2475235723.59,2161208397.43,1342799504.12,1168077696.3,532976356.693,504396457.726,845940760.609,889005475.99,825078574.53,720402799.143,"Modesto, City of",2016-09-15,30,223432,0.6,1639900147.0,196250240.0,5.71126,983940088.2,924597528.268,CA5010005,"$45,000 to $49,999",0.514428192342,6.0,$45k to 49.9k,7,31,2017,4,"3/4""",1,2000,7,No,2000,No,Summer,granted,3,Medium,1,city_delivered,inside_city,potable,C1,10,2,False,0.3,Turbine,1,1,No,no,1857,Modesto  City Of,2016-09-01,Monthly,ccf,Uniform,20.79,1.79,26.85,47.64,0.44
114,CA5010019,1161538457.0,982683558.196,435379300.0,460450281.07,653860641.0,765426625.071,799243800.0,632249924.617,387179485.667,327561186.065,145126433.333,153483427.023,217953547.0,255142208.357,266414600.0,210749974.872,Turlock  City of,2016-09-15,30,72050,0.56,600720000.0,51014365.0,5.69088,336403200.0,262879548.228,CA5010019,"$45,000 to $49,999",0.530336942714,6.0,$45k to 49.9k,7,31,2017,4,"3/4""",1,2000,7,No,2000,No,Summer,granted,3,Medium,1,city_delivered,inside_city,potable,C1,10,2,False,0.3,Turbine,1,1,No,no,2973,Turlock  City Of,2017-01-01,Monthly,ccf,Uniform,27.1,0.74,11.1,38.2,0.71
115,CA5610016,523744648.153,621838342.235,179637329.91,266511253.519,383126788.516,502623762.958,397547213.28,411372432.608,174581549.384,207279447.412,59879109.97,88837084.5063,127708929.505,167541254.319,132515737.76,137124144.203,California Water Service Company Westlake,2016-09-15,30,19461,0.69,212324790.0,52430074.0,5.03546,146504105.1,163059382.05,CA5610016,"$100,000 to $124,999",0.516686390533,10.0,$100k to 124.9k,7,31,2017,4,"3/4""",1,2000,7,No,2000,No,Summer,granted,3,Medium,1,city_delivered,inside_city,potable,C1,10,2,False,0.3,Turbine,1,1,No,no,115,California Water Service Company Westlake,2017-04-15,monthly,ccf,Tiered,39.98,,65.24,105.22,0.38
116,CA5610018,595425151.798,424694690.277,253411396.12,266496053.597,474599149.4,378215554.647,467329273.86,335896270.753,198475050.599,141564896.759,84470465.3733,88832017.8656,158199716.467,126071851.549,155776424.62,111965423.584,Ventura County Waterworks District No 1,2016-09-15,30,38703,0.58,309298175.0,23194287.0,5.20729,179392941.5,123766521.861,CA5610018,"$75,000 to $99,999",0.520801232666,9.0,$75k to 99.9k,7,31,2017,4,"3/4""",1,2000,7,No,2000,No,Summer,granted,3,Medium,1,city_delivered,inside_city,potable,C1,10,2,False,0.3,Turbine,1,1,No,no,0,Ventura County Waterworks District No 1,2017-03-15,Monthly,ccf,Tiered,10.41,,51.78,62.19,0.17
117,CA5610043,182124879.579,124940702.829,82884220.82,80885159.2195,146583286.882,109863260.049,150195024.06,98460167.1904,60708293.1929,41646900.9429,27628073.6067,26961719.7398,48861095.6272,36621086.6831,50065008.02,32820055.7301,Triunfo Sanitation District / Oak Park Water Service,2016-09-15,30,12200,0.89,63378103.0,6269841.0,4.98814,56406511.67,35642322.9641,CA5610043,"$100,000 to $124,999",0.503860621659,10.0,$100k to 124.9k,7,31,2017,4,"3/4""",1,2000,7,No,2000,No,Summer,granted,3,Medium,1,city_delivered,inside_city,potable,C1,10,2,False,0.3,Turbine,1,1,No,no,0,Oak Park Water Service,2017-07-01,Monthly,ccf,Tiered,28.02,,92.94,120.96,0.23
118,CA5610059,464033612.391,439912931.306,233388477.52,285881497.905,367175351.025,385536702.122,372457630.62,346872716.06,154677870.797,146637643.769,77796159.1733,95293832.6352,122391783.675,128512234.041,124152543.54,115624238.687,Golden State Water Company Simi Valley,2016-09-15,30,43351,0.77,179153115.0,21551379.0,5.03719,137947898.55,125374111.829,CA5610059,"$75,000 to $99,999",0.59810008228,9.0,$75k to 99.9k,7,31,2017,4,"3/4""",1,2000,7,No,2000,No,Summer,granted,3,Medium,1,city_delivered,inside_city,potable,C1,10,2,False,0.3,Turbine,1,1,No,no,0,Golden State Water Company Simi Valley,2017-07-19,Monthly,ccf,Tiered,26.33,,57.28,83.61,0.31
119,CA5710001,813706000.0,1084447729.58,354394000.0,458127685.945,513328000.0,837902795.492,603952000.0,660494968.976,271235333.333,361482576.528,118131333.333,152709228.648,171109333.333,279300931.831,201317333.333,220164989.659,Davis  City of,2016-09-15,30,68320,0.7,374600000.0,61256880.0,5.71364,262220000.0,286327880.882,CA5710001,"$50,000 to $59,999",0.524904562807,7.0,$50k to 59.9k,7,31,2017,4,"3/4""",1,2000,7,No,2000,No,Summer,granted,3,Medium,1,city_delivered,inside_city,potable,C1,10,2,False,0.3,Turbine,1,1,No,no,778,Davis  City Of,2017-01-01,Monthly,ccf,Uniform,10.97,3.98,59.7,70.67,0.16
120,CA5710003,802985941.632,614508645.887,376215779.92,306563401.129,423299251.353,492761867.402,527019063.53,403325263.001,267661980.544,204836215.296,125405259.973,102187800.376,141099750.451,164253955.801,175673021.177,134441754.334,West Sacramento  City of,2016-09-15,30,50836,0.56,396887038.0,29351067.0,5.59262,222256741.28,165297484.705,CA5710003,"$40,000 to $44,999",0.510549600136,5.0,$40k to 44.9k,7,31,2017,4,"3/4""",1,2000,7,No,2000,No,Summer,granted,3,Medium,1,city_delivered,inside_city,potable,C1,10,2,False,0.3,Turbine,1,1,No,no,3167,West Sacramento  City Of,2017-07-01,Monthly,ccf,Uniform,18.02,2.13,31.95,49.97,0.36
121,CA5710006,654053884.891,729056417.341,276266446.1,352966890.122,342402054.124,579193127.701,455913029.76,476240485.584,218017961.63,243018805.78,92088815.3667,117655630.041,114134018.041,193064375.9,151971009.92,158746828.528,Woodland  City of,2016-09-15,30,57223,0.59,325234626.0,35983075.0,5.73315,191888429.34,196740947.752,CA5710006,"$50,000 to $59,999",0.539820114473,7.0,$50k to 59.9k,7,31,2017,4,"3/4""",1,2000,7,No,2000,No,Summer,granted,3,Medium,1,city_delivered,inside_city,potable,C1,10,2,False,0.3,Turbine,1,1,No,no,3243,Woodland  City Of,2017-04-01,Monthly,ccf,Tiered,44.85,,48.0,92.85,0.48
122,CA5810001,161877775.311,155414915.88,71763888.61,75024776.6011,92735719.4522,122296988.483,94171061.92,102602765.995,53959258.4369,51804971.96,23921296.2033,25008258.867,30911906.4841,40765662.8277,31390353.9733,34200921.9984,California Water Service Company Marysville,2016-09-15,30,12219,0.6,66213010.0,8477773.0,5.48185,39727806.0,43212394.4403,CA5810001,"$45,000 to $49,999",0.565096251266,6.0,$45k to 49.9k,7,31,2017,4,"3/4""",1,2000,7,No,2000,No,Summer,granted,3,Medium,1,city_delivered,inside_city,potable,C1,10,2,False,0.3,Turbine,1,1,No,no,113,California Water Service Company Marysville,2017-01-01,monthly,ccf,Tiered,34.68,,39.17,73.85,0.47
